"","end_stn","r_weekday.1","r_weekday.2","r_weekday.3","r_weekday.4","r_weekday.5","r_weekday.6","r_weekday.7"
"1","101", 3485, 3617, 3558, 3429, 3579, 3251, 3043
"2","102",11705,12299,11623,11527,12181,12624,11516
"3","103", 8259, 8443, 8284, 8328, 8600, 8872, 8248
"4","104", 7018, 7218, 7076, 7042, 7724, 8341, 7023
"5","105", 4014, 4189, 4077, 4235, 4580, 4920, 4112
"6","106",12147,12507,12194,11592,12874,17892,16381
"7","107",12957,13939,13189,13085,13772, 9667, 8290
"8","108", 6925, 7447, 6967, 7247, 7751, 7143, 6176
"9","109", 7211, 7203, 6865, 7099, 7381, 8623, 7470
"10","110", 2170, 2272, 2132, 2135, 2260, 2415, 2139
"11","111", 6574, 6510, 6533, 6300, 7001, 8668, 7984
"12","112", 7825, 8058, 7865, 7856, 8202, 7499, 6968
"13","113",32100,33764,32745,33134,34953,31609,25631
"14","114",11553,12087,11755,11954,13061,13151,11370
"15","115", 6615, 6833, 6607, 6558, 6669, 6106, 5828
"16","116", 8858, 9594, 9356, 9253, 9465, 8955, 8466
"17","117", 6773, 6825, 6462, 6364, 6717, 7385, 6787
"18","118", 7200, 6981, 7033, 7131, 7272, 6575, 6056
"19","119", 6674, 6735, 6573, 6393, 6506, 6990, 6748
"20","120", 3285, 3509, 3374, 3347, 3422, 3008, 2812
"21","121", 3903, 4292, 3874, 4147, 3999, 3427, 2947
"22","122", 5863, 6134, 5867, 5989, 5732, 5772, 5315
"23","123", 4079, 4461, 4152, 4147, 4124, 4156, 3997
"24","124", 6777, 6924, 6652, 6751, 6715, 6318, 6023
"25","125", 8275, 8634, 7888, 8200, 7849, 5798, 5342
"26","126",11410,11483,11071,11231,10699, 8925, 7845
"27","127", 1961, 1964, 1895, 1967, 1982, 1912, 1533
"28","128", 8832, 9000, 8883, 8930, 9590, 9157, 7580
"29","129", 5843, 6137, 5885, 5972, 6163, 5721, 4819
"30","130", 7458, 7665, 7487, 7454, 8091, 8511, 7423
"31","131", 6267, 6438, 6029, 6060, 5953, 6355, 6141
"32","132", 3334, 3645, 3378, 3626, 3832, 4128, 3695
"33","133", 5533, 5772, 5370, 5397, 5392, 5607, 5314
"34","134", 3764, 3811, 3666, 3601, 3905, 3952, 3437
"35","135", 3756, 3771, 3757, 3700, 3809, 3868, 3492
"36","136",  780,  818,  770,  843,  767,  629,  561
"37","137", 1656, 1743, 1709, 1668, 1662, 1936, 1750
"38","138", 4040, 4308, 4018, 4143, 4135, 3548, 3207
"39","139", 1915, 1915, 1809, 1799, 1898, 1549, 1277
"40","140", 4281, 4437, 4327, 4286, 4244, 3090, 2683
"41","141", 3490, 3600, 3411, 3446, 3207, 3096, 2730
"42","142", 3620, 3564, 3532, 3418, 3473, 3330, 2845
"43","143", 5679, 5829, 5617, 5572, 5564, 4925, 4495
"44","144",11835,12159,11661,11597,12165,12058,10526
"45","145", 5062, 5604, 5085, 5350, 5389, 4233, 3590
"46","146", 9004, 9714, 9011, 8970, 9490, 9524, 8584
"47","147", 8735, 8889, 8620, 8345, 8688, 8245, 7911
"48","148", 6374, 6313, 6054, 6085, 6356, 5764, 5425
"49","150", 6232, 6160, 6078, 5854, 6320, 5885, 5613
"50","151", 6784, 7039, 7083, 7155, 7214, 8462, 8016
"51","152",17215,17791,17168,16593,18518,26521,25809
"52","153", 7548, 8266, 7755, 8067, 7982, 7285, 6727
"53","154", 8417, 9020, 8771, 8912, 9113, 9483, 8796
"54","155", 5160, 5292, 5085, 5013, 5237, 4678, 4326
"55","156", 5207, 5514, 5022, 5132, 5009, 3860, 3553
"56","157", 6404, 6598, 6224, 6245, 6087, 5903, 5822
"57","158", 3234, 3322, 3188, 3228, 3161, 3096, 2942
"58","159", 1654, 1795, 1619, 1682, 1711, 1836, 1505
"59","160", 2332, 2269, 2307, 2216, 2259, 2409, 2229
"60","161", 1687, 1685, 1675, 1706, 1685, 1580, 1430
"61","162", 2148, 2140, 2177, 2172, 2045, 2203, 2175
"62","163", 2090, 2227, 2247, 2079, 2057, 1846, 1727
"63","164", 2067, 2139, 2132, 2076, 2132, 1644, 1614
"64","165", 3841, 3902, 3710, 3808, 3965, 3850, 3705
"65","166", 6987, 7106, 6841, 6608, 6870, 6656, 6456
"66","167",  523,  565,  486,  515,  497,  516,  503
"67","168",  697,  706,  682,  709,  752,  800,  709
"68","169", 2051, 2073, 1963, 1979, 2093, 1800, 1635
"69","170", 4769, 4880, 4545, 4751, 4578, 4769, 4580
"70","171", 2506, 2790, 2507, 2667, 2742, 1701, 1484
"71","172", 1865, 1871, 1936, 1980, 1922, 2183, 2023
"72","173", 4030, 4222, 3836, 4015, 3843, 2470, 2234
"73","174",  363,  384,  311,  351,  337,  255,  306
"74","175", 8383, 8678, 8148, 8178, 7975, 8011, 7734
"75","176", 6763, 7163, 6779, 6718, 6582, 6387, 6054
"76","177", 1920, 1967, 1857, 2045, 2033, 1977, 1819
"77","178", 3081, 3265, 2995, 3169, 3268, 2968, 2692
"78","179", 5969, 6224, 5833, 6020, 6022, 4645, 3794
"79","180", 3204, 3281, 3049, 3149, 3191, 2685, 2318
"80","181",  914,  944,  971,  819,  976, 1558, 1533
"81","182", 6553, 6556, 6299, 6143, 6534, 9431, 9358
"82","183",10968,11653,11263,11215,11463,10986,10140
"83","184", 6459, 6964, 6847, 6768, 7060, 6941, 5987
"84","185", 4676, 4655, 4440, 4296, 4449, 4948, 4946
"85","186", 5764, 5077, 5514, 4713, 5752,14087,16133
"86","188", 4091, 3855, 3822, 3814, 3659, 4135, 3900
"87","191", 3220, 3369, 3258, 3257, 3246, 3198, 2851
"88","192", 2766, 2855, 2737, 2735, 2745, 2734, 2540
"89","194", 6186, 6516, 6219, 6121, 6443, 6062, 5375
"90","195", 2321, 2427, 2358, 2307, 2448, 2230, 2104
"91","196", 1560, 1643, 1506, 1487, 1535, 1647, 1575
"92","198", 2425, 2415, 2291, 2286, 2396, 2080, 1915
"93","199", 2547, 2514, 2660, 2422, 2724, 4498, 3350
"94","200", 3198, 3475, 3497, 3262, 3287, 1085, 1177
"95","201", 6691, 6646, 6634, 6715, 7137, 6273, 6648
"96","202",12609,12636,12097,11959,13972,12644,11960
"97","203", 7378, 7770, 7319, 7403, 7666, 3536, 2902
"98","204", 5431, 5993, 5433, 5567, 5708, 3462, 2952
"99","205", 5775, 6212, 5923, 5693, 6285, 7235, 7837
"100","206", 7402, 8048, 7565, 7413, 7763, 5601, 6131
"101","207",31865,29415,29578,28096,34915,51388,47599
"102","208",    9,   19,   14,    7,    8,    5,   18
"103","209", 6198, 6457, 6105, 6097, 6483, 4335, 3833
"104","210",14827,15401,15073,14579,15689,16028,15822
"105","211",11052,11580,10828,10894,11801, 9008, 7225
"106","212", 6194, 6349, 5937, 6100, 6373, 4579, 3971
"107","213", 7294, 8222, 7661, 7696, 7777, 3844, 3627
"108","214", 4387, 5017, 4769, 4547, 4944, 2243, 2058
"109","215", 4286, 3950, 3788, 3706, 4569, 8271, 7090
"110","216", 6482, 6470, 6101, 6120, 6322, 5669, 5352
"111","217", 8336, 8616, 8235, 8337, 8410, 2852, 2400
"112","218", 3349, 3619, 3391, 3550, 3635, 1354, 1131
"113","219", 4642, 5031, 4694, 4607, 4928, 3098, 2154
"114","220", 4101, 4211, 3965, 4047, 4151, 3767, 2975
"115","221", 7178, 7062, 6808, 6801, 7177, 8900, 8585
"116","222",13617,13803,13143,13111,13619, 9821, 8682
"117","223", 5756, 5991, 5676, 5805, 6056, 5013, 4262
"118","224", 7550, 7819, 7375, 7657, 7694, 6417, 5125
"119","225", 4122, 4122, 3965, 4027, 4130, 3193, 2681
"120","226", 4972, 5361, 5213, 5060, 5480, 4200, 3592
"121","227", 5495, 5135, 5221, 4923, 5177, 7377, 7018
"122","228", 8414, 8537, 7924, 7856, 8411, 9704, 9528
"123","229", 5293, 5584, 5206, 5221, 5512, 3773, 3582
"124","230",11539,11942,11363,11350,11728, 9800, 8698
"125","231", 3009, 3055, 2994, 3014, 2922, 2157, 2041
"126","232", 9859,10386, 9858,10019, 9986, 8162, 7495
"127","233", 1115, 1051, 1030,  985, 1039, 1061,  919
"128","234", 2357, 2698, 2421, 2437, 2406, 2009, 1610
"129","235", 2632, 2622, 2480, 2511, 2468, 2379, 2189
"130","236", 4006, 4174, 4081, 4203, 4505, 3958, 3493
"131","237", 4089, 4463, 4332, 4238, 4262, 3900, 3708
"132","238", 7871, 8092, 7408, 7530, 7348, 4505, 3669
"133","239", 4866, 4985, 4845, 4943, 5104, 3504, 3289
"134","240", 6031, 5905, 5610, 5650, 6199, 5605, 3966
"135","241", 3427, 3726, 3621, 3601, 3614, 3568, 3263
"136","242", 2747, 2820, 2773, 2768, 2795, 2636, 2305
"137","243", 5282, 5215, 4778, 4880, 5243, 5031, 3354
"138","244", 7362, 7419, 7221, 7376, 7324, 7027, 6743
"139","245", 6457, 6705, 6063, 6319, 6517, 4934, 4473
"140","247",13740,13467,12778,12648,13821,14382,13540
"141","248", 5987, 5447, 5492, 5050, 8888,13023,10381
"142","249", 5217, 4986, 4821, 4261, 5710,10247, 9627
"143","250", 2311, 2348, 2261, 2220, 2331, 2307, 2080
"144","251", 2699, 2953, 2941, 2873, 2863, 2786, 2849
"145","252", 4509, 4837, 4564, 4662, 4742, 4480, 4182
"146","253", 3544, 3828, 3661, 3575, 3802, 3600, 3139
"147","254", 1955, 2084, 1986, 1967, 2060, 1931, 1794
"148","255", 3487, 3645, 3396, 3558, 3609, 3586, 3025
"149","256", 2961, 3003, 2973, 2885, 3008, 2815, 2408
"150","257", 8850, 8847, 8378, 8418, 8558, 8144, 7618
"151","258", 5299, 5356, 5238, 5149, 4950, 4809, 4527
"152","259",11952,11795,11019,11358,11402, 8578, 7843
"153","260", 2208, 2187, 2106, 1913, 2215, 3499, 3300
"154","262", 7618, 7873, 7290, 7363, 7534, 6060, 5282
"155","263", 6382, 6667, 6348, 6620, 6673, 5156, 4761
"156","264", 3631, 3731, 3597, 3591, 3636, 2662, 2326
"157","265", 2852, 2872, 2814, 2739, 2824, 2339, 2058
"158","266", 4584, 4466, 4411, 4384, 4804, 4697, 4114
"159","267", 4351, 4206, 4074, 3951, 4064, 4310, 4143
"160","268", 4434, 4420, 4128, 4056, 4467, 4494, 4190
"161","270", 2337, 2537, 2354, 2409, 2426, 1216,  797
"162","271", 1729, 1670, 1624, 1634, 1616, 1763, 1747
"163","272",11097,10625,10077, 9946,10801,15297,15513
"164","274", 7898, 8185, 7821, 7634, 8950, 7677, 6710
"165","275", 4531, 4779, 4576, 4423, 4665, 4483, 3911
"166","276", 3474, 3637, 3444, 3422, 3508, 3234, 2844
"167","277", 2912, 3134, 3085, 2990, 3132, 3460, 2908
"168","278", 3205, 3462, 3105, 3171, 3117, 3089, 3046
"169","279", 3239, 3351, 3231, 3210, 3280, 3097, 2855
"170","280", 2434, 2481, 2394, 2351, 2474, 1958, 1777
"171","281", 1074, 1165,  920,  989, 1060, 1018, 1065
"172","282",  675,  667,  654,  574,  617,  570,  530
"173","283", 3761, 3846, 3417, 3404, 3292, 2925, 3093
"174","284", 4435, 4433, 4572, 4472, 4678, 5586, 5267
"175","285", 1070, 1128, 1120, 1004, 1070,  818,  779
"176","286", 1678, 1763, 1644, 1659, 1719, 1703, 1482
"177","287", 3042, 3206, 2946, 2896, 2922, 2720, 2798
"178","288",  880,  858,  798,  826,  835,  702,  580
"179","289", 1229, 1340, 1160, 1213, 1172, 1080,  907
"180","290", 1895, 1944, 1628, 1707, 1703, 1376, 1277
"181","291", 2311, 2579, 2384, 2363, 2442, 1347, 1122
"182","292",  911,  979,  827,  847,  889,  682,  663
"183","293", 3122, 3028, 2666, 2690, 2768, 2608, 2928
"184","300", 6146, 6515, 6187, 6031, 5888, 3253, 2821
"185","301", 5054, 5230, 5032, 4947, 5058, 4163, 3695
"186","302", 9288, 9392, 9366, 9390, 9767, 8413, 7891
"187","303", 6719, 7292, 6951, 7075, 7177, 3874, 3452
"188","304", 4754, 4832, 4547, 4739, 5083, 3612, 3738
"189","305", 8064, 8716, 8123, 8315, 8040, 3594, 2749
"190","306", 4490, 4767, 4590, 4674, 4794, 3741, 3771
"191","307", 5564, 5993, 5547, 5628, 5883, 3416, 2846
"192","308", 5162, 5496, 5266, 5451, 5316, 2569, 1929
"193","309", 4352, 4742, 4258, 4353, 4376, 2307, 2040
"194","310", 3771, 4155, 3857, 4011, 4203, 2327, 2438
"195","311", 8231, 9776, 9040, 9212, 9321, 5795, 5456
"196","312", 8810, 9531, 9005, 9262, 9355, 5147, 4425
"197","313", 3280, 3155, 3051, 3275, 3860, 2656, 2201
"198","314", 6299, 6537, 6154, 6361, 6699, 6937, 5887
"199","315", 5382, 5504, 5122, 5229, 5682, 4732, 4199
"200","316", 9593,10031, 9514, 9477,10031, 5866, 4729
"201","318", 3130, 3216, 3100, 3264, 3378, 2312, 1887
"202","320", 6664, 6864, 6610, 6642, 6961, 4621, 3348
"203","321", 4734, 4845, 4749, 4773, 5134, 3911, 3401
"204","322", 2443, 2570, 2438, 2609, 2743, 2859, 2912
"205","323",  129,  143,  143,  140,  127,   78,   62
"206","324", 5305, 5559, 5362, 5301, 5677, 4796, 3530
"207","325",    0,    0,    0,    5,    0,    3,    2
"208","326", 5957, 6271, 5823, 6073, 5993, 3975, 3233
"209","327", 6375, 6471, 6302, 6275, 6410, 5361, 4265
"210","328", 6613, 6751, 6533, 6633, 6584, 5999, 4961
"211","329", 7574, 7908, 7666, 7608, 7351, 5770, 4408
"212","330", 3939, 4154, 4003, 4178, 4245, 2038, 1651
"213","331", 5027, 5324, 5092, 5295, 5383, 2149, 1678
"214","332", 3176, 3275, 3016, 3096, 3238, 1637, 1432
"215","333",  483,  448,  545,  547,  531,  371,  421
"216","334", 8329, 8360, 8552, 8421, 9047, 8060, 6010
"217","335", 5530, 5691, 5477, 5677, 5606, 4582, 3501
"218","336", 4392, 4672, 4554, 4696, 4710, 2714, 2043
"219","337", 2422, 2743, 2745, 2678, 2719, 2352, 2230
"220","338", 7568, 7812, 7354, 7562, 7525, 6041, 4672
"221","339", 6532, 6841, 6733, 6878, 7013, 5891, 4503
"222","340", 8281, 8346, 8458, 8524, 8564, 7406, 6839
"223","341", 5515, 5828, 5458, 5734, 5816, 5440, 4660
"224","342", 9596,10104, 9726, 9783,10357, 9415, 8571
"225","343", 3477, 3706, 3560, 3561, 3499, 2498, 2005
"226","344", 5711, 6199, 5667, 5758, 5688, 4725, 4334
"227","345", 6244, 6498, 6204, 6114, 6517, 2535, 1588
"228","346", 8860, 9044, 8759, 8900, 9275, 8325, 7372
"229","347", 6237, 6322, 6330, 6406, 7092, 6500, 5925
"230","348", 3170, 3061, 2904, 3017, 2982, 2638, 2419
"231","349", 3027, 3478, 3215, 3080, 2952, 3170, 2781
"232","350",  834,  802,  783,  872,  799,  555,  582
"233","351", 3792, 3933, 4190, 3994, 3971, 3691, 3136
"234","352",  923, 1015,  920,  937,  873,  911,  809
"235","353", 3244, 3348, 2852, 3078, 3043, 3176, 2770
"236","354", 3742, 4024, 3952, 3878, 4013, 3645, 3083
"237","355", 5344, 5620, 5541, 5585, 5531, 4046, 3449
"238","356", 5661, 6055, 5647, 5608, 5803, 4272, 3778
"239","358",12230,13112,12782,12717,12938,11915,10685
"240","359", 5912, 6270, 6052, 6178, 6034, 4046, 3802
"241","361", 9339, 9591, 9233, 9238, 9489, 8755, 7612
"242","362", 5474, 5501, 5136, 5378, 5298, 4989, 4457
"243","363", 5750, 6049, 5514, 5686, 5740, 4926, 4346
"244","364", 2814, 3004, 2940, 2798, 2820, 2641, 2459
"245","365",  150,  146,  119,  120,   98,   64,  102
"246","367", 2896, 3032, 2903, 2925, 2983, 2811, 2668
"247","368", 4485, 4616, 4442, 4496, 4537, 3165, 2891
"248","369", 5221, 5196, 5612, 5301, 5574, 3032, 2908
"249","370", 4033, 4278, 4009, 4133, 4327, 1935, 1206
"250","371", 3100, 3019, 2865, 2818, 2948, 3343, 2961
"251","372", 2676, 2891, 2800, 2745, 2838, 2628, 2553
"252","373",  474,  458,  433,  461,  399,  468,  471
"253","374", 3578, 3810, 3643, 3389, 3434, 3030, 2831
"254","375", 3942, 4152, 3970, 4060, 4013, 3387, 3142
"255","376",    0,    0,    0,    0,    1,    0,    0
"256","377", 1481, 1501, 1455, 1615, 1822, 1358, 1100
"257","378", 6245, 6398, 6050, 6179, 6204, 3844, 4113
"258","379", 3043, 3215, 2928, 3001, 3433, 2802, 2318
"259","380", 3610, 3695, 3643, 3622, 3622, 2189, 1737
"260","381",  406,  473,  439,  417,  431,  500,  435
"261","382", 2345, 2318, 2260, 2179, 2339, 2285, 2224
"262","383", 7523, 7661, 7384, 7389, 7839, 6181, 5247
"263","384", 1889, 2087, 1985, 2040, 2027, 1691, 1506
"264","385", 6435, 6766, 6321, 6336, 7025, 5557, 4546
"265","386", 3617, 3933, 3744, 3781, 3496, 2347, 2063
"266","387", 2784, 2927, 2799, 2755, 2860, 2478, 1683
"267","388", 3476, 3591, 3636, 3477, 3712, 3691, 3048
"268","389", 3268, 3630, 3432, 3371, 3673, 2382, 1393
"269","390", 3728, 3855, 3733, 3648, 3742, 3202, 2723
"270","391", 1732, 1911, 1827, 1779, 1938, 1326, 1148
"271","393", 4127, 4244, 4143, 4014, 4234, 3434, 2906
"272","394", 1360, 1409, 1297, 1401, 1336,  966,  873
"273","395", 2117, 2131, 2038, 2008, 1999, 1689, 1593
"274","397", 1689, 1822, 1676, 1735, 1806, 1643, 1193
"275","398", 1915, 2081, 1841, 1784, 2182, 1910, 1088
"276","399",  539,  525,  459,  476,  512,  412,  401
"277","400", 4491, 4488, 4271, 4474, 4371, 4146, 4061
"278","401", 3598, 3698, 3744, 3535, 3572, 3471, 3135
"279","402", 4260, 4213, 4225, 4108, 4216, 4206, 4209
"280","403", 1826, 1917, 1768, 1833, 1845, 1393, 1186
"281","404",   62,   61,   51,   78,   67,   11,    9
"282","405", 3919, 4278, 4041, 4009, 4195, 1850, 1546
"283","406", 2354, 2455, 2350, 2344, 2497, 2710, 2676
"284","407", 3629, 3976, 3707, 3816, 3930, 2898, 2572
"285","408", 6216, 6578, 6281, 6371, 6317, 2683, 2371
"286","409",13149,14496,13614,13592,13754, 8198, 7128
"287","410", 1463, 1481, 1520, 1429, 1581, 1507, 1477
"288","411", 5359, 6025, 5766, 5876, 5755, 3750, 3066
"289","412", 8760, 9144, 8816, 8894, 8737, 4110, 3738
"290","413", 2494, 2467, 2608, 2506, 2590, 3314, 3369
"291","414", 4803, 5025, 4784, 4864, 5144, 3938, 3158
"292","415",10383,10780,10366,10549,10867, 5466, 4281
"293","416", 2462, 2395, 2346, 2302, 2427, 1983, 1589
"294","417", 6527, 6801, 6599, 6835, 7004, 4057, 3453
"295","418", 8214, 8180, 8635, 8075, 8746,13701,13354
"296","419", 9708, 9468, 9180, 8883, 9857,13899,11874
"297","420", 3693, 3321, 3482, 3255, 3517, 7123, 7592
"298","421",13992,14145,13800,13348,13817,11422,10596
"299","422", 1185, 1290, 1295, 1088, 1271, 2689, 2232
"300","424",  733,  798,  768,  715,  792,  769,  732
"301","425", 1307, 1336, 1302, 1244, 1256,  406,  336
"302","426", 2238, 2347, 2154, 2132, 2254, 1724, 1552
"303","427", 2124, 2246, 2172, 2198, 2032, 1927, 1873
"304","428",  844,  858,  764,  759,  881,  435,  269
"305","429",  207,  200,  163,  167,  221,  226,  198
"306","430",  752,  776,  760,  796,  852,  645,  593
"307","431", 3332, 3322, 3033, 3115, 3182, 2883, 2462
"308","432",  603, 1514, 1288, 1231, 1247, 1280, 1174
"309","433", 1996, 2139, 1920, 1956, 2159, 1692, 1409
"310","434",   67,   57,   64,   53,   70,   75,   78
"311","435",  560,  581,  575,  553,  588,  479,  359
"312","436",  403,  408,  323,  332,  361,  410,  298
"313","437", 1496, 1550, 1388, 1401, 1455, 1502, 1349
"314","438", 2509, 2815, 2495, 2452, 2699, 2514, 2528
"315","439", 2382, 2463, 2248, 2280, 2337, 2145, 1953
"316","440",  287,  286,  541,  433,  674, 1354, 1121
"317","446", 1543, 1475, 1492, 1496, 1374, 1542, 1262
"318","447",  388,  383,  411,  384,  352,  454,  331
"319","449",  203,  232,  215,  223,  220,  263,  209
"320","450", 2268, 2220, 2148, 2161, 2225, 2181, 2119
"321","451", 1137, 1187, 1120, 1052, 1043,  941,  948
"322","452", 1086, 1127, 1021, 1029, 1138,  827,  549
"323","453", 1836, 1975, 1846, 1775, 1959, 1762, 1336
"324","454", 2137, 2143, 2041, 1888, 2116, 1590, 1332
"325","455", 1043, 1162, 1033, 1055, 1110,  787,  444
"326","456", 1425, 1431, 1432, 1375, 1480, 1368, 1215
"327","457", 1556, 1606, 1496, 1464, 1496,  988,  653
"328","458", 2325, 2568, 2328, 2199, 2316, 1664, 1723
"329","461", 1838, 1918, 1749, 1681, 1727, 1115, 1046
"330","462",   87,  114,  100,  102,   89,  127,   90
"331","463",   37,   23,   23,   28,   38,   29,   26
"332","464",  368,  374,  349,  345,  386,  319,  352
"333","465",    0,    1,    2,    3,    4,    5,    0
"334","500",10512,10667,10481,10552,10397,10174, 9366
"335","501", 9356, 9160, 9304, 8941, 9739,11773,10003
"336","502",30755,30378,30369,28494,33201,50076,47393
"337","503", 5616, 5577, 5537, 5501, 5769, 6464, 5794
"338","504", 8547, 8852, 8503, 8519, 8556, 8008, 6980
"339","505",11783,12116,11551,11531,11602,11165,10475
"340","506", 1850, 1873, 1838, 1865, 1782, 1411, 1166
"341","507", 4439, 4904, 4435, 4560, 4678, 2973, 2711
"342","508", 4078, 4416, 4184, 4227, 4394, 2582, 2001
"343","509",10594,11266,10894,10997,11214, 9326, 7237
"344","510", 3923, 3527, 3680, 3374, 3938, 7917, 7743
"345","511", 8820, 8320, 8717, 8300, 9471,15436,15055
"346","512", 9163, 9547, 9145, 9333, 9359, 9849, 9174
"347","513", 8466, 9145, 8473, 8503, 8669, 6523, 5651
"348","514", 8688, 9467, 9085, 9150, 9510, 6600, 5540
"349","515", 3486, 3543, 3446, 3407, 3426, 3962, 3795
"350","516", 5253, 5556, 5121, 5328, 5301, 4765, 4573
"351","518", 3312, 3650, 3292, 3424, 3336, 1970, 1899
"352","519", 2943, 3068, 2805, 2844, 2969, 2738, 2680
"353","520", 2974, 3164, 3033, 3065, 2900, 2980, 2747
"354","521", 6339, 6525, 6237, 6207, 6569, 6673, 5995
"355","522", 1008, 1102, 1097, 1105, 1070, 1058,  889
"356","523",  182,  197,  210,  199,  192,  283,  220
"357","524", 1158, 1224, 1190, 1140, 1147, 1163, 1056
"358","525",10391,10239, 9700, 9791,10014,11815,11635
"359","526", 4413, 4913, 4643, 4594, 4556, 2928, 2448
"360","529", 4900, 5210, 4992, 4891, 4931, 3506, 2823
"361","530", 4182, 4474, 4270, 4333, 4402, 3951, 3237
"362","533", 1795, 1781, 1714, 1695, 1679, 1747, 1715
"363","534", 1391, 1459, 1465, 1388, 1457, 1771, 1700
"364","535", 2184, 2155, 2043, 2067, 2150, 2198, 2199
"365","536", 3406, 3388, 3196, 3311, 3377, 3290, 3054
"366","537", 5329, 5543, 5056, 5255, 5308, 5589, 5464
"367","538", 3499, 4012, 3954, 3979, 3941, 3425, 3002
"368","539", 5091, 5066, 4886, 4794, 4843, 5018, 4908
"369","540",10357,10411,10229,10394,10337, 9830, 8763
"370","542", 5433, 5189, 5221, 5039, 5784, 6647, 6036
"371","543", 3817, 3653, 3853, 3627, 3992, 4611, 4140
"372","544", 2671, 2708, 2579, 2528, 2726, 3616, 3884
"373","546", 5037, 5143, 5022, 4916, 5035, 4826, 4527
"374","548", 6365, 6509, 6312, 6368, 6205, 7249, 6983
"375","549", 6545, 6788, 6455, 6365, 6483, 6738, 6365
"376","550", 3915, 4228, 4048, 4207, 4162, 2699, 2034
"377","551", 7047, 7304, 7013, 7000, 7023, 7189, 6200
"378","552", 2054, 2023, 1818, 2011, 2071, 2502, 2493
"379","553", 3624, 3759, 3576, 3723, 3739, 3309, 3070
"380","554",  643,  592,  626,  683,  623,  581,  509
"381","555", 2628, 2934, 2581, 2719, 2786, 2595, 2502
"382","556",  859,  804,  741,  778,  835, 1394, 1277
"383","557", 4001, 4332, 4051, 4276, 4126, 3226, 2841
"384","558", 4975, 5216, 5118, 5072, 5045, 4296, 3661
"385","559", 6635, 6810, 6562, 6500, 7107, 7996, 6971
"386","560", 4621, 4955, 4780, 4782, 4659, 4099, 3834
"387","561", 4904, 4921, 4843, 4535, 5026, 5970, 5330
"388","562", 3856, 3812, 3733, 3586, 3580, 3160, 2791
"389","563", 9356, 9987, 9632, 9694, 9805, 2254, 1784
"390","564",  256,  295,  325,  298,  336,  297,  291
"391","565",12516,12427,12110,11547,12331,15539,14900
"392","567", 9084, 9815, 9372, 9479,10036, 6045, 4482
"393","568", 9487, 9982, 9213, 9144, 9682, 9702, 7924
"394","569", 1060, 1097, 1089, 1115, 1062, 1104, 1127
"395","571", 6448, 6741, 6348, 6641, 6439, 5255, 4724
"396","572", 1500, 1424, 1417, 1464, 1441, 1546, 1523
"397","573", 6532, 7120, 6576, 6604, 6427, 6087, 5711
"398","574", 4770, 4791, 4749, 4535, 4602, 5313, 4989
"399","575", 1182, 1186, 1116, 1104, 1191, 1038,  955
"400","576", 3699, 3817, 3804, 3680, 3994, 4211, 3683
"401","577", 5647, 5527, 5491, 5246, 5523, 5769, 4702
"402","578", 6102, 6366, 6010, 6115, 6049, 2726, 2220
"403","579", 4554, 4859, 4608, 4345, 4481, 4217, 3953
"404","580",  306,  314,  289,  283,  272,  325,  348
"405","581", 2837, 2993, 2755, 2961, 2864, 2195, 2139
"406","582", 4010, 4136, 3901, 4012, 4035, 3304, 3189
"407","583",10231,10052, 9485, 9237, 9538,12193,13304
"408","584", 6473, 6560, 6189, 6575, 6581, 5937, 5638
"409","585", 6532, 6959, 6552, 6603, 6786, 6621, 6183
"410","586", 2547, 2669, 2535, 2603, 2612, 2298, 2026
"411","587", 3382, 3706, 3469, 3480, 3531, 2648, 2173
"412","588", 4505, 4656, 4490, 4381, 4599, 6339, 5834
"413","589", 6340, 6988, 6441, 6372, 6835, 5386, 4319
"414","590",12114,12918,12228,12075,12245, 9032, 7653
"415","591", 3118, 3279, 3243, 3340, 2876, 1855, 1794
"416","592", 9667,10333, 9637, 9601, 8496, 4829, 4292
"417","593", 4656, 4860, 4636, 4496, 4589, 4963, 4559
"418","594", 1779, 2069, 1940, 1952, 2009,  821,  598
"419","600", 1610, 1745, 1660, 1724, 1591, 1632, 1573
"420","601", 2747, 2787, 2755, 2662, 2849, 2322, 2032
"421","602", 9876,11002,10657,10523,10763,10744, 9197
"422","603",   19,   20,   19,   17,   14,   23,   12
"423","604", 2451, 2398, 2266, 2272, 2299, 2328, 2166
"424","605", 3417, 3482, 3161, 3248, 3274, 2778, 2522
"425","606", 2094, 2376, 2182, 2205, 2135, 1922, 1683
"426","607", 2567, 2568, 2574, 2462, 2385, 2449, 2398
"427","608", 1406, 1485, 1425, 1448, 1407, 1273, 1081
"428","609", 5833, 6115, 5578, 5564, 5575, 5666, 5262
"429","610", 2444, 2366, 2363, 2261, 2172, 2239, 1847
"430","612", 5003, 5363, 4950, 5103, 5008, 4072, 3468
"431","613", 5799, 5933, 5334, 5589, 5815, 5024, 4214
"432","614", 7180, 7854, 7263, 7454, 7262, 6378, 5484
"433","615", 4150, 4145, 3952, 3984, 3887, 3635, 3404
"434","616",  945, 1058,  917,  984,  968,  809,  827
"435","617", 3924, 4224, 4015, 3833, 4098, 3662, 3258
"436","621", 1457, 1442, 1462, 1508, 1483, 1282, 1063
"437","622", 4805, 5175, 5126, 5021, 5174, 4958, 4311
"438","623", 6171, 6451, 5860, 5897, 5940, 5610, 5156
"439","624", 6232, 6211, 5954, 5886, 6129, 5560, 4482
"440","625", 5018, 5290, 5026, 5074, 5405, 4912, 4143
"441","626", 3262, 3599, 3257, 3329, 3294, 2863, 2707
"442","627", 4110, 4424, 4218, 4235, 4199, 4084, 3584
"443","628", 1243, 1296, 1246, 1363, 1251, 1259, 1036
"444","630", 5808, 5909, 5438, 5559, 5454, 4254, 3735
"445","631", 6992, 7428, 7091, 6976, 7019, 5831, 4961
"446","632",    0,    0,    5,    7,   12,    3,    0
"447","633", 6948, 6886, 6687, 6465, 7145, 7176, 6185
"448","634",10555,11116,10414,10352,10447,10468, 9862
"449","635", 5674, 5556, 5421, 5354, 5510, 5470, 5096
"450","636", 2796, 3074, 2853, 2890, 2818, 1828, 1867
"451","637", 3331, 3677, 3393, 3379, 3362, 3138, 2903
"452","638", 4757, 4976, 4527, 4747, 4291, 2383, 2148
"453","639", 5371, 5314, 4934, 5011, 4895, 4838, 4750
"454","640", 2538, 2673, 2594, 2569, 2530, 2314, 1991
"455","641", 6465, 6489, 6179, 6221, 6519, 7058, 5185
"456","642", 3901, 4028, 3907, 3902, 3971, 3573, 3076
"457","643", 4112, 4497, 4219, 4045, 4117, 3820, 3755
"458","646", 5507, 6228, 6149, 6045, 6181, 5015, 4266
"459","647", 1906, 1968, 1837, 1828, 1923, 1827, 1798
"460","648", 4389, 4748, 4394, 4403, 4400, 4060, 3666
"461","650", 4998, 5118, 4887, 4683, 4658, 4791, 4757
"462","651", 2051, 2237, 2173, 2118, 2241, 2096, 1734
"463","652",  687,  703,  673,  629,  637,  608,  591
"464","654",  791,  757,  705,  754,  716,  721,  729
"465","656",  957, 1057,  914,  892,  954,  802,  754
"466","657", 1674, 1787, 1582, 1560, 1665, 1480, 1226
"467","658", 1381, 1606, 1474, 1531, 1482, 1377, 1082
"468","659", 2093, 2149, 1971, 1984, 2090, 1783, 1645
"469","660", 2259, 2341, 2267, 2174, 2331, 1845, 1483
"470","661", 2375, 2653, 2545, 2459, 2408, 2046, 2012
"471","663", 1914, 2070, 1901, 1781, 1935, 1727, 1519
"472","664",   17,   22,   16,   23,   26,   13,    7
"473","700", 6326, 6552, 6207, 6171, 6350, 6197, 5960
"474","701", 2771, 2675, 2676, 2751, 2755, 2195, 1968
"475","702", 2375, 2489, 2375, 2394, 2509, 2321, 2120
"476","703",11882,12155,11775,11630,12601,12958,11729
"477","704", 7421, 7787, 7319, 7450, 7874, 6559, 5515
"478","706", 3696, 3850, 3749, 3775, 3980, 3681, 3154
"479","707", 1237, 1333, 1192, 1231, 1186, 1079, 1014
"480","708", 6369, 6692, 6458, 6445, 6653, 5595, 5340
"481","709",  939,  965,  924,  910, 1010,  767,  705
"482","710", 1458, 1483, 1481, 1467, 1583, 1303, 1338
"483","711",  592,  543,  522,  535,  564,  574,  619
"484","712", 2411, 2564, 2395, 2432, 2442, 2273, 2007
"485","713", 1322, 1316, 1282, 1246, 1315, 1341, 1333
"486","714", 1653, 1723, 1730, 1660, 1686, 1451, 1237
"487","716", 6985, 7177, 6942, 6708, 7130, 6044, 5444
"488","719", 3718, 4018, 3638, 3695, 4113, 3722, 3281
"489","720",  585,  638,  632,  615,  580,  678,  667
"490","722", 3424, 3389, 3335, 3287, 3526, 3353, 2933
"491","723", 5951, 6758, 6402, 6292, 6553, 4282, 3740
"492","724",  332,  318,  290,  270,  325,  327,  329
"493","725",  476,  543,  487,  485,  540,  528,  512
"494","726", 3143, 3198, 3073, 3072, 3108, 2955, 2593
"495","729", 3413, 3514, 3346, 3323, 3257, 3293, 3146
"496","731", 3843, 4160, 4208, 3958, 4171, 4504, 4544
"497","732", 1227, 1265, 1144, 1141, 1220, 1211, 1009
"498","733",  727,  879,  753,  784,  880,  859,  796
"499","734", 2031, 2238, 2140, 2046, 2165, 1929, 1803
"500","735", 2890, 3058, 2993, 2964, 3000, 2914, 2674
"501","736", 1877, 2058, 1987, 1991, 1963, 1779, 1663
"502","737", 1542, 1554, 1473, 1523, 1487, 1430, 1233
"503","739", 1794, 1985, 1801, 1832, 1946, 1576, 1379
"504","740", 1487, 1666, 1636, 1595, 1568, 1594, 1498
"505","741",  393,  461,  433,  392,  422,  277,  272
"506","742", 1464, 1609, 1516, 1548, 1546, 1457, 1309
"507","743",  870,  900,  874,  906,  910,  853,  698
"508","744", 3177, 3425, 3243, 3006, 3371, 3246, 3170
"509","745", 1468, 1581, 1312, 1424, 1500, 1256, 1178
"510","746", 3282, 3188, 3100, 3053, 3288, 3272, 2843
"511","747", 2213, 2229, 2243, 1813, 2143, 2148, 2225
"512","748",  473,  483,  531,  465,  503,  589,  439
"513","749", 1776, 1870, 1766, 1609, 1751, 1601, 1462
"514","750", 1040, 1041, 1020, 1008, 1063, 1056,  909
"515","752", 1387, 1466, 1483, 1458, 1533, 1305, 1189
"516","754", 1539, 1513, 1497, 1451, 1524, 1388, 1249
"517","755", 2170, 2216, 2111, 2006, 2241, 2334, 2028
"518","756", 1918, 2196, 2049, 1982, 2267, 2569, 2556
"519","757",  323,  346,  310,  351,  327,  331,  383
"520","758", 1634, 1752, 1666, 1632, 1654, 1739, 1574
"521","759",  730,  824,  750,  754,  790,  568,  537
"522","760",  532,  579,  529,  529,  504,  458,  413
"523","762", 1395, 1324, 1300, 1216, 1385, 1404, 1522
"524","763",  644,  678,  598,  661,  664,  683,  589
"525","764", 1832, 1803, 1805, 1604, 1859, 1851, 1574
"526","765", 1618, 1724, 1543, 1676, 1928, 2074, 1748
"527","766",  973,  925,  818,  849,  980, 1216, 1239
"528","800", 5260, 5337, 4990, 5059, 5058, 4902, 4241
"529","802", 1047, 1090, 1085, 1128, 1234, 1725, 1522
"530","803", 1128, 1200, 1116, 1111, 1217, 1406, 1239
"531","805", 4067, 4118, 4032, 3952, 4319, 4330, 3697
"532","806", 3363, 3548, 3467, 3433, 3687, 3448, 2609
"533","807", 3166, 3278, 3170, 3266, 3471, 2825, 2269
"534","808", 1304, 1292, 1263, 1203, 1443, 1763, 1583
"535","809", 3858, 4022, 3928, 3817, 3980, 5204, 4747
"536","810", 1676, 1652, 1697, 1669, 1648, 2156, 2067
"537","811", 1645, 1615, 1612, 1592, 1843, 3253, 2810
"538","812", 1553, 1847, 1786, 1700, 1735, 1974, 1879
"539","813", 3350, 3297, 3312, 3151, 3490, 3541, 3280
"540","815", 4183, 4106, 4126, 3966, 4374, 5969, 6071
"541","816", 9868, 9648, 9891, 9490,10460,12349,10714
"542","817", 2232, 2264, 2172, 2131, 2321, 2212, 2005
"543","818", 5417, 5500, 5450, 5365, 5637, 5146, 5082
"544","819", 3884, 4061, 3801, 3979, 3849, 3936, 3547
"545","820", 3107, 3167, 3060, 3027, 3131, 2763, 2506
"546","822", 1850, 1762, 1795, 1777, 2019, 2710, 2425
"547","823", 1333, 1348, 1313, 1284, 1277, 1212, 1192
"548","825", 8226, 7905, 7763, 7483, 9044,13647,11704
"549","826", 3397, 3617, 3452, 3384, 3694, 3140, 2720
"550","827",  833,  851,  763,  728,  682,  414,  596
"551","828", 1949, 2014, 1898, 1807, 2016, 2008, 1881
"552","829", 4973, 4967, 4721, 4295, 4879, 6091, 5901
"553","830", 1147, 1225, 1182, 1134, 1191, 1389, 1226
"554","831", 1023, 1069, 1101, 1116, 1246, 1837, 1800
"555","832", 3983, 4112, 3976, 3802, 4138, 5950, 5056
"556","834", 3563, 3730, 3460, 3420, 3584, 3648, 3450
"557","835", 1802, 1872, 1706, 1703, 1770, 1650, 1431
"558","836", 1843, 2053, 1909, 1856, 2019, 2247, 2194
"559","837", 3569, 3856, 3621, 3253, 3739, 5106, 4834
"560","838", 2299, 2382, 2252, 2212, 2440, 2143, 1902
"561","839",  905,  987,  865,  922,  927, 1016,  991
"562","840",  674,  635,  669,  609,  624,  776,  666
"563","841", 2584, 2776, 2637, 2561, 2842, 2808, 2540
"564","843",  763,  791,  747,  781,  957, 1604, 1400
"565","844", 1382, 1458, 1389, 1325, 1379, 1460, 1331
"566","845", 1191, 1261, 1187, 1245, 1186,  764,  602
"567","846", 1103, 1071, 1017,  913, 1059, 1018, 1070
"568","900", 2879, 2937, 2875, 2907, 2811, 2436, 2036
"569","901", 3509, 3847, 3720, 3586, 3644, 3335, 2818
"570","902", 1042, 1037, 1033,  966,  983, 1067, 1066
"571","903", 1736, 1872, 1769, 1855, 1898, 1889, 1661
"572","904", 2105, 2138, 2097, 2079, 2139, 2236, 2105
"573","905", 6470, 6790, 6646, 6583, 6708, 6544, 6237
"574","906", 7413, 7919, 7511, 7529, 7756, 8209, 7327
"575","907",16503,17181,16085,16038,16177,17849,17353
"576","908", 2564, 2766, 2744, 2753, 2638, 2620, 2294
"577","909",  798,  880,  799,  767,  812,  622,  597
"578","911", 5171, 5296, 5081, 5160, 5095, 5370, 4517
"579","912", 6731, 7482, 6942, 7204, 7082, 7157, 6083
"580","913", 8236, 8353, 7854, 7949, 8234, 9189, 6538
"581","914",10211,10410, 9958, 9639, 9933,11035,10693
"582","915", 4687, 4833, 4526, 4703, 4420, 4958, 4538
"583","916", 3438, 3463, 3326, 3377, 3297, 3141, 2673
"584","917", 3610, 3560, 3458, 3488, 3518, 2770, 2242
"585","918",   16,   12,   20,   26,   22,   35,   29
"586","919", 1823, 1994, 1834, 1856, 1893, 1700, 1525
"587","921", 1020, 1033,  979,  963, 1027, 1065, 1145
"588","922", 1633, 1643, 1583, 1607, 1653, 1614, 1461
"589","923", 1883, 1999, 1917, 2000, 1914, 1896, 1711
"590","924",  540,  571,  552,  571,  574,  609,  674
"591","925", 1574, 1667, 1514, 1597, 1689, 1631, 1383
"592","926", 4758, 4731, 4680, 4673, 4947, 5119, 4755
"593","927", 1750, 1800, 1700, 1733, 1830, 1811, 1571
"594","928",  362,  386,  389,  350,  328,  784,  994
"595","929",   20,   23,   25,   36,   31,   18,   10
"596","930", 1855, 2083, 1863, 1931, 1844, 1925, 1697
"597","931", 7833, 8141, 8043, 7893, 8252, 7282, 6541
"598","932", 2507, 2837, 2681, 2823, 2687, 2800, 2584
"599","933", 4143, 4501, 4293, 4440, 4396, 4126, 3669
"600","934", 1823, 1963, 1866, 1811, 1739, 1971, 1785
"601","935", 1047, 1148, 1140, 1100, 1076, 1065, 1048
"602","937",  124,  136,  142,  146,  171,  221,  271
"603","938",  186,  223,  206,  178,  190,  280,  385
"604","939", 1257, 1266, 1315, 1283, 1266, 1063,  988
"605","941",  786,  803,  758,  758,  564,  871,  829
"606","942",  749,  841,  778,  790,  864,  799,  787
"607","943", 3661, 3787, 3324, 3495, 3545, 2506, 2116
"608","945",  513,  541,  468,  470,  486,  521,  590
"609","946", 1111, 1069, 1033, 1065, 1073, 1201,  954
"610","947", 1346, 1222, 1175, 1187, 1200, 1097, 1015
"611","948", 1292, 1336, 1276, 1226, 1306, 1125,  846
"612","949", 1380, 1531, 1443, 1387, 1530, 1410, 1125
"613","950", 2805, 2947, 2712, 2743, 2875, 2819, 2313
"614","951", 1908, 2190, 2121, 2059, 2225, 2403, 1851
"615","952",  591,  633,  554,  545,  537,  536,  541
"616","953",  886,  919,  797,  896,  817,  958,  969
"617","954", 1017, 1062, 1011,  965, 1101, 1257, 1182
"618","956", 3797, 3883, 3657, 3742, 3570, 3559, 3422
"619","958", 1628, 1698, 1469, 1597, 1616, 1507, 1300
"620","959",  316,  390,  341,  336,  358,  290,  249
"621","960",  989, 1072,  977,  999,  938,  736,  636
"622","961", 1133, 1225, 1179, 1093, 1190, 1136,  971
"623","962",  859,  896,  843,  894,  894, 1127, 1137
"624","963",  837,  851,  737,  750,  837,  841,  887
"625","964",  633,  682,  693,  608,  630,  576,  559
"626","965",  323,  368,  284,  310,  353,  293,  237
"627","966",  459,  520,  555,  463,  477,  340,  201
"628","967",  483,  537,  473,  494,  485,  437,  358
"629","968",  189,  187,  180,  150,  169,  146,  153
"630","969",  214,  244,  187,  197,  218,  156,  153
"631","971",  425,  427,  426,  405,  403,  382,  358
"632","972",  654,  626,  578,  509,  588,  474,  414
"633","1001", 5033, 5403, 5096, 5022, 5398, 6041, 5575
"634","1002", 3792, 4008, 3570, 3566, 3624, 4454, 4344
"635","1003", 2700, 2139, 2595, 2683, 2594, 2551, 2314
"636","1004", 4141, 4504, 4392, 4128, 4342, 4668, 4485
"637","1006", 1659, 1592, 1463, 1535, 1551, 1595, 1497
"638","1007",  321,  295,  293,  277,  308,  475,  548
"639","1008", 7369, 7962, 7542, 7524, 7728, 7747, 7410
"640","1009", 6974, 7492, 7241, 7064, 8056, 9120, 7881
"641","1010", 5280, 6139, 5700, 5926, 6004, 5661, 4717
"642","1011", 7082, 7825, 7274, 7179, 7150, 6878, 6285
"643","1012", 2826, 2988, 2862, 2812, 2878, 2908, 2529
"644","1013", 3780, 4148, 3963, 3967, 4143, 3522, 2994
"645","1014", 2367, 2468, 2356, 2345, 2453, 2621, 2351
"646","1015", 2495, 2618, 2481, 2347, 2548, 2911, 2594
"647","1016", 1827, 1720, 1745, 1698, 1747, 1773, 1592
"648","1017", 4315, 4391, 4234, 4115, 4249, 4306, 4398
"649","1018", 2576, 2655, 2539, 2548, 2708, 2837, 2773
"650","1019", 8344, 8518, 8140, 8134, 8194, 7415, 7044
"651","1020", 7241, 7925, 7651, 7237, 7642, 5859, 5314
"652","1021", 2870, 2887, 3008, 2618, 2924, 3046, 2715
"653","1022", 3592, 3721, 3612, 3526, 3612, 3494, 3236
"654","1023", 2778, 3049, 2874, 2780, 2687, 1592, 1646
"655","1024", 3802, 4082, 3878, 3715, 3869, 3276, 2995
"656","1025",  911,  974,  855,  816,  869,  937,  834
"657","1026", 1088, 1182, 1040, 1085, 1131, 1153, 1033
"658","1027", 1857, 1928, 1845, 1772, 1878, 1874, 1701
"659","1028", 2238, 2255, 2185, 2211, 2340, 2193, 1936
"660","1029", 4123, 4372, 4187, 4214, 4707, 5138, 4436
"661","1030", 2509, 2680, 2579, 2543, 2504, 2963, 2945
"662","1031",  971, 1090,  947,  970, 1060,  956, 1107
"663","1032",  952,  976,  927,  900,  927,  884,  860
"664","1033", 1580, 1596, 1476, 1424, 1465, 1422, 1429
"665","1034",  848,  840,  820,  740,  787,  947,  904
"666","1035", 2892, 3154, 3059, 2893, 3037, 3352, 2827
"667","1036", 1682, 1746, 1740, 1687, 1864, 2000, 1762
"668","1037",  461,  512,  537,  456,  453,  465,  492
"669","1038",  483,  495,  409,  417,  411,  495,  600
"670","1039",  439,  468,  467,  427,  445,  484,  448
"671","1040",   66,   66,   67,   55,   63,   60,   62
"672","1041", 1590, 1639, 1598, 1570, 1657, 1626, 1471
"673","1042", 1021, 1114,  980, 1058, 1098, 1104, 1043
"674","1044", 6716, 7363, 6953, 6740, 6904, 7368, 6885
"675","1047", 3301, 3610, 3395, 3406, 3493, 3327, 3001
"676","1048", 3504, 3732, 3516, 3416, 3468, 3238, 3010
"677","1049", 1295, 1255, 1267, 1220, 1216, 1283, 1206
"678","1050", 6908, 7406, 7227, 6900, 7459, 7337, 6871
"679","1051", 2306, 2424, 2319, 2200, 2272, 2144, 1999
"680","1052",  348,  468,  363,  373,  337,  243,  196
"681","1053",  552,  661,  541,  559,  522,  602,  435
"682","1054",  243,  259,  267,  248,  243,  269,  296
"683","1056",  558,  540,  518,  499,  503,  478,  550
"684","1057",  659,  646,  628,  564,  593,  479,  398
"685","1058",  392,  412,  372,  361,  376,  246,  212
"686","1059", 1778, 1939, 1851, 1702, 1840, 1889, 1928
"687","1060", 1074, 1262, 1103, 1136, 1146, 1085, 1076
"688","1061", 1384, 1526, 1453, 1494, 1463, 1503, 1309
"689","1062",  400,  410,  382,  399,  352,  286,  323
"690","1101",  485,  490,  453,  492,  504,  499,  494
"691","1102", 2759, 2922, 2829, 2810, 2911, 2880, 2687
"692","1103", 2654, 2770, 2581, 2558, 2659, 2929, 2744
"693","1105",  583,  595,  581,  538,  637,  904, 1025
"694","1106", 3096, 3256, 3084, 3161, 3107, 3079, 2844
"695","1108", 1470, 1641, 1501, 1561, 1611, 1684, 1575
"696","1109", 1137, 1246, 1145, 1149, 1302, 1467, 1330
"697","1110", 1336, 1423, 1418, 1358, 1421, 1307, 1131
"698","1111", 2446, 2513, 2535, 2375, 2526, 2773, 2948
"699","1112", 7236, 7425, 7062, 7174, 7604, 7572, 7048
"700","1113", 2679, 2708, 2660, 2653, 2700, 2733, 2831
"701","1114",  536,  569,  437,  524,  463,  411,  343
"702","1115", 2722, 2828, 2717, 2624, 2668, 2684, 2338
"703","1117", 4988, 5208, 4956, 5028, 5351, 4291, 3803
"704","1118", 7809, 8178, 7573, 7624, 7744, 6844, 6135
"705","1119", 4707, 4908, 4549, 4601, 4639, 4272, 4195
"706","1120", 4795, 5245, 4921, 4896, 5123, 4960, 5012
"707","1121", 3376, 4418, 4092, 4047, 4242, 3842, 3601
"708","1122", 5640, 5694, 5209, 5188, 5418, 6654, 6955
"709","1123", 1961, 2046, 2154, 1911, 1958, 2454, 2695
"710","1124", 6394, 6710, 6467, 6438, 6837, 7098, 6150
"711","1125", 3677, 3971, 3650, 3721, 3951, 3551, 3078
"712","1126", 2905, 2719, 2730, 2721, 2840, 2753, 2685
"713","1127", 2879, 3323, 3044, 3037, 3075, 2979, 2678
"714","1128", 1779, 1904, 1931, 1917, 1928, 1862, 1699
"715","1129", 3172, 3388, 2985, 2977, 3231, 3030, 2402
"716","1130", 1204, 1294, 1299, 1277, 1373, 1359, 1170
"717","1131", 4403, 4480, 4380, 4344, 4376, 3959, 3776
"718","1132", 3694, 4051, 3870, 3804, 3850, 3204, 2936
"719","1135", 2887, 3050, 2949, 2843, 2982, 2723, 2299
"720","1136",  954, 1009,  945,  910,  971,  970,  872
"721","1137",  809,  794,  795,  716,  754,  658,  522
"722","1139", 2801, 2948, 2846, 2735, 2787, 2457, 2226
"723","1140", 2925, 3173, 3135, 3034, 3256, 2789, 2322
"724","1141", 4303, 4763, 4487, 4500, 4542, 4078, 3853
"725","1145", 2049, 2241, 2097, 2236, 2153, 2130, 2030
"726","1146", 3002, 3369, 3297, 3179, 3340, 3056, 2834
"727","1148", 1694, 1882, 1733, 1721, 1722, 1525, 1432
"728","1149", 5517, 5529, 5380, 5439, 5564, 5272, 4653
"729","1150", 3716, 3826, 3752, 3780, 3794, 3811, 3704
"730","1151", 2061, 2156, 2129, 2140, 2284, 1375, 1105
"731","1152", 3087, 3454, 3380, 3333, 3386, 2562, 2218
"732","1153", 7952, 8481, 8483, 8349, 8969, 8928, 7537
"733","1155", 3270, 3530, 3170, 3266, 3199, 3435, 3400
"734","1157", 3669, 3915, 3687, 3857, 3899, 3854, 3432
"735","1158", 8554, 9136, 8684, 8582, 8865, 8955, 8236
"736","1159", 2845, 2991, 2884, 2809, 2785, 1989, 1720
"737","1160", 8902, 9252, 8540, 8726, 8781, 7933, 7460
"738","1161",  723,  784,  683,  744,  786,  602,  468
"739","1162", 2102, 2328, 2203, 2186, 2311, 1752, 1586
"740","1163", 1632, 1836, 1633, 1710, 1727, 1729, 1482
"741","1165",  847,  859,  844,  897,  902,  868,  752
"742","1166", 4460, 5407, 5269, 5173, 5103, 4560, 4209
"743","1167", 4777, 4922, 4716, 4826, 4919, 4553, 4444
"744","1168", 2286, 2274, 2258, 2111, 2188, 1883, 1624
"745","1169", 2170, 2148, 2141, 2056, 2125, 1975, 1815
"746","1170", 1126, 1068, 1081, 1087, 1131, 1079,  841
"747","1171", 2165, 2177, 2139, 2043, 2213, 2011, 2011
"748","1172", 1820, 1966, 1731, 1734, 1768, 1295, 1166
"749","1173", 3285, 3499, 3435, 3376, 3614, 3668, 3411
"750","1174", 1269, 1381, 1421, 1269, 1510, 1222,  958
"751","1175",  945, 1076, 1013, 1036, 1063,  842,  791
"752","1177", 1574, 1655, 1553, 1619, 1705, 1421, 1213
"753","1178", 1145, 1223, 1115, 1146, 1115, 1201,  990
"754","1180", 1171, 1329, 1187, 1214, 1201, 1136,  985
"755","1181",  457,  516,  483,  495,  428,  123,  127
"756","1182", 2877, 2942, 2725, 2601, 2911, 2239, 1633
"757","1183",  364,  398,  359,  369,  307,  268,  276
"758","1184", 2000, 2084, 1997, 2015, 2060, 1723, 1617
"759","1185", 1855, 2034, 1842, 1916, 1853, 1709, 1524
"760","1186",  906,  937,  866,  907,  868,  647,  608
"761","1187",  436,  476,  463,  492,  493,  519,  387
"762","1188",  653,  774,  665,  729,  639,  367,  335
"763","1190",  746,  785,  677,  735,  800,  429,  407
"764","1191", 2254, 2444, 2249, 2352, 2463, 2061, 1968
"765","1192", 1518, 1592, 1472, 1551, 1573, 1497, 1373
"766","1193", 2883, 3224, 2907, 2807, 3119, 1938, 1643
"767","1194", 1362, 1554, 1472, 1477, 1400,  506,  462
"768","1195", 3216, 3645, 3281, 3267, 3187,  730,  692
"769","1196",  667,  872,  714,  824,  764,  712,  810
"770","1197", 3718, 4072, 3828, 3815, 4087, 3663, 3154
"771","1198", 1206, 1480, 1357, 1367, 1328,  415,  304
"772","1199",  972, 1110, 1067, 1033, 1061, 1085,  848
"773","1200",  265,  254,  248,  232,  267,  268,  221
"774","1201", 5546, 6293, 6012, 5840, 6295, 5790, 4976
"775","1203", 5702, 5871, 5641, 5660, 5855, 5145, 4710
"776","1204", 2233, 2436, 2203, 2249, 2341, 2110, 2023
"777","1205", 2761, 3447, 3320, 3145, 3664, 3776, 3432
"778","1206", 4790, 5061, 4911, 4586, 5040, 5161, 4570
"779","1207", 2281, 2363, 2328, 2282, 2248, 2278, 2241
"780","1208", 4467, 4740, 4482, 4519, 4581, 4657, 4577
"781","1209", 9409, 9676, 9308, 8972, 9463,10177, 9513
"782","1210",15909,16671,16568,15411,18025,20162,18786
"783","1211", 7738, 8548, 8321, 8176, 8709, 9516, 9261
"784","1212", 6899, 7201, 6832, 6753, 6941, 6826, 6854
"785","1213", 2546, 2831, 2588, 2643, 2570, 2439, 2343
"786","1214", 2950, 3051, 2929, 2992, 3024, 2511, 2292
"787","1215", 5683, 5805, 5848, 5428, 5705, 7979, 8025
"788","1217", 2413, 2526, 2394, 2432, 2446, 2445, 2539
"789","1218", 4795, 5047, 4942, 4717, 5020, 5107, 4826
"790","1220", 5423, 5589, 5501, 5437, 5377, 4952, 4527
"791","1221", 5802, 6212, 5763, 5673, 5763, 5434, 5205
"792","1222",10253,10618,10108, 9936,11282,14535,13544
"793","1224", 4580, 4887, 4679, 4465, 4944, 5611, 5270
"794","1226", 4499, 4667, 4451, 4261, 4630, 4825, 4363
"795","1227", 2335, 2587, 2469, 2510, 2477, 2051, 2008
"796","1228", 2744, 2994, 2886, 2738, 2850, 2896, 2595
"797","1229", 1891, 2097, 1874, 1880, 1808, 1207, 1217
"798","1230", 1816, 1821, 1829, 1712, 1902, 2171, 2029
"799","1231", 6250, 6420, 6290, 5833, 6653, 8551, 7946
"800","1232", 3614, 3724, 3474, 3467, 3773, 4806, 4563
"801","1233", 2344, 2448, 2335, 2374, 2434, 2575, 2677
"802","1234",    2,    2,    1,    2,    1,    3,    3
"803","1235", 4702, 4833, 4545, 4442, 4818, 4905, 5108
"804","1239",  983, 1105,  971,  996,  998,  696,  716
"805","1240", 1241, 1246, 1208, 1168, 1238, 1315, 1433
"806","1241",  968,  986,  909,  875,  838, 1092, 1180
"807","1242",  523,  589,  534,  522,  515,  395,  479
"808","1243", 6856, 7649, 6924, 6957, 7139, 4016, 3499
"809","1244", 5389, 5555, 5251, 5150, 5393, 5932, 6344
"810","1245", 3988, 4100, 4069, 4032, 4137, 4712, 4517
"811","1246", 3390, 3770, 3726, 3667, 3560, 2944, 2603
"812","1247", 2489, 2570, 2438, 2377, 2420, 2600, 2647
"813","1248", 4063, 4330, 4142, 3612, 3862, 3929, 3866
"814","1249", 3033, 3136, 2913, 2939, 2986, 2830, 2842
"815","1250",  980,  985,  904,  866,  877,  711,  779
"816","1251", 6591, 6599, 6297, 6208, 6463, 6454, 5874
"817","1253", 1475, 1510, 1451, 1345, 1473, 1283, 1058
"818","1256", 2048, 2136, 1969, 1909, 2022, 2093, 2015
"819","1257", 3069, 3202, 3029, 2861, 3190, 3200, 2639
"820","1258",  954,  922, 1004,  838,  984,  992,  944
"821","1259", 3838, 3925, 3736, 3744, 3942, 3567, 3524
"822","1260", 3294, 3472, 3139, 2974, 3362, 3282, 3100
"823","1261",   20,   19,   10,   21,   14,    8,   13
"824","1262", 3642, 3813, 3671, 3525, 3740, 3338, 3352
"825","1263",  758,  732,  683,  699,  709,  595,  510
"826","1264", 3858, 4229, 3896, 3762, 4023, 3861, 3519
"827","1265", 4537, 4648, 4677, 4440, 4582, 4011, 3629
"828","1266",  973, 1033,  962,  984, 1012, 1179, 1041
"829","1267", 2579, 2939, 2703, 2484, 2506, 3598, 4019
"830","1268", 7067, 7270, 7018, 6155, 7313,10649,11279
"831","1269", 2826, 3014, 2836, 2736, 2765, 3139, 3192
"832","1271", 3314, 2658, 3017, 2807, 2918, 3126, 2881
"833","1274", 1660, 1886, 1818, 1744, 1611, 1746, 1588
"834","1275", 1086, 1101,  993, 1074, 1015,  819,  791
"835","1277", 2410, 2637, 2601, 2443, 2439, 2563, 2319
"836","1278", 4655, 5276, 5008, 4861, 5371, 5314, 4837
"837","1279", 1111, 1159, 1073, 1076, 1058, 1038, 1050
"838","1280", 1082, 1100, 1040, 1055, 1039, 1004,  985
"839","1282", 2934, 3134, 2954, 2935, 3022, 2953, 2981
"840","1283",  715,  772,  679,  712,  687,  638,  568
"841","1285", 1098, 1209, 1138, 1122, 1127, 1085, 1160
"842","1286", 2260, 2306, 2259, 2221, 2238, 2110, 2182
"843","1287",  766, 1061,  821,  875,  924,  748,  858
"844","1288", 3085, 3298, 3183, 3083, 3039, 2826, 2693
"845","1289", 1753, 1800, 1812, 1774, 1745, 1723, 1774
"846","1290", 1080, 1093, 1037,  987, 1029,  802,  717
"847","1291", 1933, 2274, 2176, 1990, 1880, 1609, 1882
"848","1293", 3215, 3398, 3193, 3105, 3166, 2979, 3154
"849","1295", 5068, 5564, 5457, 4924, 5372, 5391, 5339
"850","1296",  884,  924,  931,  833,  889,  924,  978
"851","1297", 2190, 2404, 2293, 2078, 2258, 2651, 2741
"852","1299",  762,  781,  776,  712,  736,  615,  721
"853","1300",  639,  671,  624,  647,  626,  589,  581
"854","1301",    0,    2,    9,    8,   10,    2,    6
"855","1302", 2024, 2028, 2037, 1895, 1945, 1947, 1637
"856","1303", 3825, 3855, 3611, 3581, 3590, 2895, 2693
"857","1304",  271,  244,  216,  254,  281,  269,  224
"858","1305", 3156, 3166, 2923, 3042, 3004, 2833, 2676
"859","1306", 4394, 4784, 4226, 4142, 4276, 4161, 3903
"860","1308",14420,15255,14292,14553,14561,12146,11720
"861","1313", 1418, 1533, 1496, 1466, 1426, 1443, 1395
"862","1314", 1013, 1033, 1004,  999,  971,  921,  847
"863","1315",  995,  938,  997, 1013,  919,  985,  954
"864","1316",  833,  764,  783,  776,  631,  544,  673
"865","1317",  148,  144,  144,  124,  120,  133,  131
"866","1318", 2834, 3100, 3009, 2925, 2976, 2807, 2368
"867","1319", 4322, 4557, 4284, 4210, 4232, 4218, 3972
"868","1320", 3561, 3960, 3610, 3754, 3703, 3240, 2981
"869","1321", 4843, 5285, 4643, 4746, 4670, 4354, 4446
"870","1322", 1978, 2268, 2168, 2146, 2050, 1898, 1859
"871","1323", 2236, 2407, 2240, 2296, 2271, 2301, 2068
"872","1325", 1095, 1288, 1198, 1193, 1196,  855,  730
"873","1326", 1422, 1466, 1449, 1526, 1454, 1272, 1300
"874","1327", 1881, 1887, 1692, 1993, 1815, 1509, 1519
"875","1328", 5127, 5437, 5158, 5106, 4946, 4473, 4113
"876","1332", 3383, 3733, 3540, 3299, 3486, 3501, 3356
"877","1333", 3306, 3622, 3349, 3193, 3275, 2975, 2861
"878","1334", 1507, 1526, 1427, 1413, 1399, 1155, 1061
"879","1335",    1,    0,    0,    0,    0,    0,    0
"880","1336", 3116, 3206, 2976, 2970, 3177, 2930, 2755
"881","1337", 5837, 6071, 5956, 5708, 5962, 6212, 6389
"882","1338", 2704, 2861, 2557, 2677, 2662, 2506, 2372
"883","1339", 2146, 2251, 1987, 2031, 2126, 2007, 1812
"884","1340",  670,  747,  727,  711,  727,  677,  655
"885","1342",  346,  399,  374,  392,  373,  418,  329
"886","1343", 1222, 1267, 1236, 1241, 1119, 1157,  980
"887","1344",  841,  917,  925,  832,  823,  749,  740
"888","1346", 1626, 1609, 1557, 1530, 1492, 1379, 1318
"889","1347",  651,  727,  726,  694,  716,  724,  736
"890","1348", 1173, 1311, 1232, 1197, 1256, 1034,  896
"891","1349",  803,  803,  794,  745,  777,  773,  771
"892","1351", 3698, 3851, 3763, 3586, 3715, 3405, 3554
"893","1352",  585,  622,  630,  626,  616,  584,  600
"894","1353",  448,  507,  493,  419,  436,  434,  439
"895","1354", 3940, 4394, 4085, 3875, 3683, 2732, 2645
"896","1355", 4041, 4479, 3908, 4037, 4154, 4521, 4772
"897","1357",  810,  870,  783,  822,  733,  766,  830
"898","1358", 1105, 1107, 1050, 1094, 1122, 1038, 1047
"899","1359",  987, 1079, 1107, 1013, 1014, 1181, 1121
"900","1360",  682,  834,  767,  747,  810,  644,  643
"901","1361", 1932, 2134, 1920, 1975, 1982, 1819, 1662
"902","1362", 1528, 1576, 1433, 1497, 1546, 1347, 1336
"903","1363", 1940, 2089, 1870, 1864, 1873, 1679, 1800
"904","1364",  647,  807,  627,  640,  649,  602,  570
"905","1365",  244,  260,  256,  254,  255,  225,  215
"906","1366",  362,  334,  324,  301,  312,  310,  242
"907","1367",  504,  553,  544,  540,  519,  479,  346
"908","1368", 1372, 1455, 1332, 1383, 1324, 1053, 1013
"909","1369", 1185, 1335, 1274, 1127, 1258, 1318, 1019
"910","1370",  197,  246,  212,  207,  220,  194,  189
"911","1372", 3118, 3231, 2779, 2851, 2940, 2204, 2185
"912","1373",  932,  976,  807,  853,  811,  728,  608
"913","1375", 1377, 1545, 1308, 1421, 1383, 1102, 1041
"914","1376",  234,  290,  212,  218,  245,   49,   59
"915","1377",  248,  256,  234,  264,  204,   72,   77
"916","1401", 3892, 4116, 3985, 3904, 3959, 4125, 3926
"917","1402", 2014, 2230, 2119, 2085, 2100, 2153, 2073
"918","1403", 5919, 6142, 5904, 5748, 5990, 6175, 5408
"919","1404", 2757, 2940, 2785, 2765, 2898, 2174, 1851
"920","1405", 3991, 4191, 4068, 4023, 4239, 4220, 3805
"921","1406",  365,  395,  368,  355,  372,  444,  360
"922","1407", 2536, 2631, 2403, 2511, 2642, 2381, 2226
"923","1408", 3501, 3420, 3130, 3140, 3266, 3321, 3113
"924","1410",  408,  391,  358,  393,  309,  337,  376
"925","1411", 1545, 1626, 1472, 1555, 1483, 1374, 1199
"926","1412", 1417, 1486, 1461, 1496, 1569, 1464, 1425
"927","1413", 2311, 2530, 2237, 2444, 2406, 2230, 2313
"928","1414", 3864, 4180, 3691, 3696, 3971, 3822, 3593
"929","1416", 1827, 1892, 1851, 1925, 1951, 1913, 1670
"930","1418",  715,  757,  667,  707,  691,  631,  703
"931","1420", 1392, 1470, 1433, 1410, 1424, 1210, 1222
"932","1421",  737,  819,  747,  736,  768,  542,  475
"933","1422",  260,  280,  267,  261,  258,  270,  210
"934","1424",  293,  322,  327,  284,  305,  320,  232
"935","1425", 1325, 1379, 1283, 1357, 1175, 1044,  992
"936","1426",  440,  401,  422,  405,  392,  469,  474
"937","1427",  452,  545,  496,  495,  505,  528,  448
"938","1428", 1446, 1762, 1701, 1609, 1661, 1413, 1219
"939","1429", 1870, 2048, 1940, 1946, 1990, 1925, 1864
"940","1430", 1830, 1936, 1722, 1864, 1773, 1363, 1369
"941","1431", 3064, 3253, 2958, 3102, 3148, 2938, 2653
"942","1433", 4403, 4632, 4302, 4466, 4506, 4230, 4055
"943","1434", 2082, 2236, 2077, 2060, 2093, 2146, 1928
"944","1435",  500,  481,  442,  479,  446,  480,  430
"945","1436", 1212, 1180, 1165, 1165, 1209, 1102, 1076
"946","1437", 1380, 1451, 1457, 1366, 1375, 1291, 1233
"947","1438", 4326, 4503, 4263, 4106, 4248, 3400, 3024
"948","1440", 2201, 2418, 2315, 2305, 2344, 2035, 1784
"949","1441", 1294, 1368, 1206, 1255, 1157, 1087, 1030
"950","1442", 2237, 2309, 2267, 2133, 2298, 1952, 1762
"951","1443",  901, 1014,  938,  886,  940,  862,  759
"952","1444", 1908, 2041, 1895, 1890, 1821, 1790, 1531
"953","1445",  460,  468,  416,  424,  490,  460,  385
"954","1446", 2894, 3166, 3019, 3063, 2963, 2330, 2071
"955","1447", 3279, 3763, 3351, 3407, 3356, 2982, 2858
"956","1448", 3622, 3725, 3576, 3582, 3847, 4127, 3467
"957","1449", 3127, 3310, 3097, 3011, 3118, 2904, 2376
"958","1450", 1723, 1731, 1671, 1599, 1657, 1477, 1518
"959","1451", 3498, 3753, 3609, 3437, 3537, 3550, 3401
"960","1452", 2623, 2710, 2574, 2431, 2470, 2648, 2820
"961","1453",  327,  327,  366,  323,  321,  359,  355
"962","1454", 2204, 2180, 2103, 2090, 2095, 1998, 1942
"963","1455", 2225, 2285, 2179, 2178, 2343, 2052, 1903
"964","1456", 1421, 1451, 1380, 1341, 1383, 1239, 1278
"965","1457", 1050, 1110,  977, 1131, 1028, 1029, 1020
"966","1458", 1640, 1829, 1671, 1586, 1721, 1493, 1371
"967","1459",  402,  393,  366,  353,  339,  368,  309
"968","1501", 2872, 3117, 2965, 2906, 3001, 2679, 2548
"969","1503", 6261, 6690, 6581, 6586, 6879, 6908, 6063
"970","1504", 1087, 1243, 1208, 1227, 1204, 1093,  993
"971","1506", 2081, 2410, 2281, 2224, 2209, 2070, 1784
"972","1509", 1800, 1933, 1911, 1917, 1872, 1713, 1591
"973","1510",  668,  710,  749,  757,  731,  570,  605
"974","1511",  625,  703,  676,  646,  665,  600,  556
"975","1512", 2465, 2676, 2630, 2450, 2517, 2777, 2857
"976","1513",  662,  697,  698,  736,  767,  599,  507
"977","1514", 3302, 3451, 3307, 3323, 3319, 3151, 2789
"978","1515", 1388, 1531, 1482, 1502, 1580, 1572, 1421
"979","1516",  940, 1076,  998, 1041,  969,  999,  914
"980","1518", 1219, 1340, 1358, 1313, 1249, 1211, 1015
"981","1519", 1431, 1541, 1395, 1435, 1352, 1376, 1237
"982","1520", 1902, 1910, 1763, 1793, 1815, 1867, 2003
"983","1522",  867,  845,  791,  873,  779,  947,  981
"984","1525", 1007, 1135, 1073, 1076, 1044,  849,  873
"985","1526",  988, 1165, 1135, 1050, 1106, 1077,  964
"986","1527", 1350, 1380, 1373, 1230, 1320, 1175, 1037
"987","1528",  562,  649,  562,  580,  596,  564,  477
"988","1529", 2629, 2818, 2723, 2739, 2620, 2307, 2069
"989","1530", 2200, 2397, 2226, 2302, 2362, 2207, 2008
"990","1531", 4142, 4850, 4437, 4427, 4679, 4819, 4278
"991","1532", 1312, 1382, 1315, 1337, 1409, 1277, 1330
"992","1533", 2817, 3135, 2895, 2805, 2913, 2682, 2628
"993","1534", 1555, 1585, 1514, 1258, 1507, 2122, 2305
"994","1535", 4111, 4462, 4252, 4292, 4464, 4223, 3948
"995","1536", 1609, 1790, 1768, 1684, 1700, 1472, 1519
"996","1537",  789,  788,  733,  812,  750,  952,  936
"997","1538",  979, 1041,  946,  982,  973,  952,  823
"998","1539", 2227, 2458, 2220, 2264, 2142, 2146, 2277
"999","1540", 1370, 1512, 1354, 1423, 1390, 1382, 1265
"1000","1541",  445,  446,  442,  418,  421,  441,  415
"1001","1542",  634,  645,  646,  635,  673,  630,  524
"1002","1543", 1084, 1159, 1157, 1117, 1000, 1080, 1017
"1003","1545",  300,  319,  313,  296,  291,  289,  270
"1004","1546",  738,  842,  872,  804,  797,  735,  611
"1005","1547",  203,  229,  221,  214,  220,  256,  245
"1006","1548",  297,  296,  384,  288,  392,  620,  743
"1007","1601", 5950, 6315, 6138, 6246, 6562, 6450, 5924
"1008","1602", 2339, 2471, 2210, 2367, 2409, 2203, 2174
"1009","1603", 3121, 3257, 3102, 3041, 3023, 3459, 3791
"1010","1605", 3037, 3170, 2960, 2969, 3014, 3031, 2841
"1011","1606", 3860, 3891, 3821, 3850, 3758, 3819, 3559
"1012","1608", 7829, 8074, 7909, 7985, 8034, 8144, 7543
"1013","1610", 5983, 6248, 5962, 5866, 5751, 5379, 5610
"1014","1611", 6903, 7396, 6819, 6869, 6658, 6271, 6303
"1015","1616", 5771, 6231, 5985, 5731, 6029, 6049, 5441
"1016","1617", 2943, 3076, 2753, 2779, 2783, 2805, 2745
"1017","1619", 3291, 3499, 3419, 3403, 3438, 3307, 2988
"1018","1620", 2816, 2728, 2811, 2596, 2740, 2636, 2229
"1019","1623", 4365, 5020, 5050, 4932, 5096, 5453, 4944
"1020","1625", 6197, 6916, 6383, 6624, 6640, 6335, 5830
"1021","1627", 1030, 1146, 1097, 1101, 1060, 1185,  983
"1022","1628", 1425, 1665, 1528, 1533, 1532, 1506, 1369
"1023","1630", 1394, 1441, 1445, 1378, 1467, 1564, 1434
"1024","1634", 2019, 2206, 2103, 2211, 2275, 2100, 2086
"1025","1635",  504,  589,  564,  560,  585,  486,  418
"1026","1636", 5761, 6114, 5824, 5632, 5724, 4994, 4841
"1027","1637", 6287, 6544, 6336, 6406, 6969, 6924, 6275
"1028","1639", 1295, 1401, 1268, 1284, 1307, 1453, 1380
"1029","1640", 2192, 2266, 2088, 2125, 2247, 2514, 2344
"1030","1641", 1225, 1309, 1263, 1219, 1241, 1352, 1215
"1031","1642", 1912, 2013, 1974, 1933, 1795, 1396, 1442
"1032","1643", 2911, 3088, 3025, 3089, 3004, 3022, 2992
"1033","1646",  670,  672,  714,  660,  668,  541,  621
"1034","1650", 3058, 3401, 3407, 3315, 3500, 3957, 4097
"1035","1651", 1488, 1812, 1641, 1608, 1733, 1637, 1573
"1036","1652",  496,  529,  518,  456,  462,  446,  420
"1037","1653", 4456, 4889, 4711, 4631, 5142, 5153, 4545
"1038","1654",  832,  913,  846,  810,  853,  816,  803
"1039","1655", 4046, 4088, 3866, 3844, 3809, 3778, 3563
"1040","1656", 3372, 3448, 3290, 3444, 3365, 2851, 2925
"1041","1657", 2021, 2142, 1958, 1939, 1956, 1051,  952
"1042","1659", 1632, 1693, 1656, 1572, 1574, 1611, 1549
"1043","1660",  966,  992,  950,  965,  930,  978,  919
"1044","1661", 1820, 1978, 1896, 1850, 1778, 1630, 1640
"1045","1662", 2162, 2233, 2115, 2088, 2196, 2331, 1940
"1046","1663", 5654, 6112, 5696, 5612, 5373, 4291, 4418
"1047","1664",  540,  530,  526,  498,  496,  612,  795
"1048","1665", 1527, 1788, 1681, 1676, 1722, 1504, 1246
"1049","1666", 2278, 2251, 2243, 2145, 2135, 2068, 1992
"1050","1667", 2081, 2105, 2049, 1977, 1986, 1808, 1771
"1051","1668", 4379, 4641, 4430, 4425, 4516, 3981, 3928
"1052","1669", 2759, 2915, 2769, 2800, 2843, 2565, 2365
"1053","1670", 2051, 2235, 2184, 2186, 2193, 2006, 1809
"1054","1671", 2174, 2184, 2211, 2080, 1929, 1521, 1447
"1055","1672", 1439, 1604, 1454, 1441, 1481, 1431, 1464
"1056","1673", 4587, 4951, 4872, 4808, 5229, 5143, 4548
"1057","1674", 2774, 3013, 2794, 2750, 2852, 2224, 2204
"1058","1675",  334,  324,  324,  275,  283,  238,  144
"1059","1677", 1238, 1342, 1252, 1194, 1131, 1306, 1198
"1060","1678",  880,  943, 1009,  905,  867,  403,  321
"1061","1679",  747,  831,  804,  841,  653,  496,  620
"1062","1680",  173,  203,  177,  172,  160,  123,  137
"1063","1681", 2018, 2178, 2128, 2054, 2049, 2011, 1830
"1064","1682", 1623, 1633, 1579, 1596, 1605, 1401, 1301
"1065","1683", 1394, 1447, 1464, 1448, 1455, 1263, 1051
"1066","1684", 2428, 2619, 2463, 2427, 2521, 2348, 2088
"1067","1685",  940,  973,  902,  898,  933,  707,  628
"1068","1686", 1782, 1841, 1586, 1621, 1691, 1662, 1533
"1069","1687",    1,    0,    9,    4,    1,    0,    0
"1070","1688", 1688, 1932, 1682, 1706, 1843, 1571, 1587
"1071","1689", 1105, 1261, 1133, 1205, 1277, 1168, 1084
"1072","1690",  965, 1036,  955,  965, 1035,  814,  677
"1073","1691", 1247, 1753, 1601, 1492, 1568, 1218, 1133
"1074","1692", 1088, 1229, 1165, 1111, 1188, 1114, 1001
"1075","1693",  335,  301,  300,  299,  285,  263,  217
"1076","1702", 2265, 2451, 2336, 2328, 2297, 2357, 2233
"1077","1703", 1187, 1209, 1179, 1175, 1093, 1287, 1299
"1078","1704",    0,    2,    0,    0,    4,    0,    2
"1079","1705", 3080, 3308, 3179, 3151, 3096, 2785, 2367
"1080","1706", 2736, 2962, 2822, 2783, 2851, 2980, 2468
"1081","1707", 2339, 2471, 2422, 2450, 2343, 2594, 2396
"1082","1708", 2769, 2909, 2892, 2778, 2857, 2965, 2630
"1083","1709", 3745, 3887, 3788, 3754, 4008, 4019, 3765
"1084","1712", 2289, 2342, 2377, 2284, 2412, 2480, 2278
"1085","1713", 2002, 2126, 2092, 2011, 1958, 1986, 1864
"1086","1714",  424,  262,  353,  365,  364,  364,  322
"1087","1715", 1782, 1828, 1528, 1616, 1635, 1788, 1945
"1088","1716", 2477, 2429, 2281, 2295, 2539, 2591, 2595
"1089","1717",  505,  514,  516,  529,  519,  543,  436
"1090","1719", 1188, 1207, 1202, 1249, 1158, 1156, 1058
"1091","1720", 3320, 3463, 3177, 3058, 3042, 3671, 3897
"1092","1721", 4757, 5069, 4893, 4898, 5102, 5073, 4074
"1093","1722", 1650, 1695, 1612, 1557, 1618, 1565, 1296
"1094","1723", 2162, 2429, 2184, 2162, 2173, 2297, 2225
"1095","1725",  855,  946,  822,  869,  869,  710,  715
"1096","1726", 2609, 2751, 2567, 2589, 2557, 2718, 2583
"1097","1727",  560,  652,  583,  605,  550,  580,  540
"1098","1728",  641,  691,  662,  665,  605,  569,  636
"1099","1729", 1205, 1181, 1076, 1147, 1203, 1362, 1212
"1100","1730",  213,  259,  237,  240,  217,  308,  263
"1101","1731",  211,  199,  204,  201,  202,  284,  269
"1102","1732",  779,  922,  905,  840,  827,  701,  676
"1103","1733", 1647, 1800, 1755, 1692, 1670, 1736, 1565
"1104","1734", 1390, 1528, 1393, 1462, 1399, 1367, 1216
"1105","1735",  681,  723,  728,  682,  634,  722,  675
"1106","1736",  703,  736,  652,  612,  629,  579,  535
"1107","1737", 1869, 2070, 1847, 1861, 1851, 1882, 1777
"1108","1738", 1710, 1932, 1768, 1756, 1775, 1818, 1633
"1109","1739",   85,  105,   92,   92,   86,   76,   83
"1110","1741", 2282, 2522, 2366, 2322, 2345, 2344, 2248
"1111","1742", 1446, 1475, 1451, 1386, 1279, 1321, 1347
"1112","1802",  288,  296,  311,  307,  281,  145,   89
"1113","1804", 2502, 2518, 2234, 2336, 2363, 1526, 1453
"1114","1805", 1533, 1678, 1588, 1669, 1524,  843,  775
"1115","1806", 1427, 1550, 1433, 1455, 1442,  508,  410
"1116","1808", 2279, 2394, 2225, 2190, 2271,  301,  208
"1117","1809", 1284, 1418, 1265, 1312, 1262,  298,  176
"1118","1812", 1297, 1383, 1340, 1330, 1322, 1174, 1167
"1119","1814", 1880, 2178, 2103, 2045, 2169, 1949, 1582
"1120","1816",  449,  474,  499,  439,  408,  394,  479
"1121","1817",    2,    4,    4,    4,    2,    2,    4
"1122","1819", 1462, 1545, 1423, 1450, 1463, 1167,  962
"1123","1820",  719,  810,  758,  759,  727,  624,  510
"1124","1821", 1161, 1213, 1179, 1213, 1276, 1202, 1058
"1125","1822", 1671, 1746, 1746, 1674, 1700, 1642, 1419
"1126","1823",  701,  844,  792,  812,  744,  718,  604
"1127","1824", 2868, 2884, 2780, 2657, 2807, 2766, 2723
"1128","1825", 1058, 1000,  946,  955, 1008,  803,  803
"1129","1826", 1340, 1417, 1348, 1280, 1338, 1043,  964
"1130","1827", 4555, 4548, 3945, 3919, 4043, 4429, 4758
"1131","1828",  823,  866,  873,  879,  849,  793,  724
"1132","1829", 2122, 2401, 2365, 2203, 2373, 2381, 1918
"1133","1830", 2733, 2888, 2662, 2683, 2668, 1931, 1689
"1134","1831", 1076, 1210, 1075, 1117, 1123,  918,  848
"1135","1833", 2599, 2815, 2582, 2664, 2634, 1506, 1400
"1136","1834", 4372, 4760, 4509, 4356, 4394, 1806, 1691
"1137","1835", 1772, 1833, 1847, 1791, 1787,  890,  850
"1138","1836",  228,  281,  246,  283,  255,  229,  181
"1139","1839", 2484, 2665, 2507, 2517, 2521,  858,  865
"1140","1840", 1028, 1110, 1041, 1058, 1035,  472,  485
"1141","1841", 1731, 1875, 1806, 1768, 1752, 1301, 1293
"1142","1842",  487,  483,  470,  447,  480,  415,  412
"1143","1843",  888,  941,  929,  939,  939,  904,  702
"1144","1845", 1026, 1093, 1016, 1047, 1059,  825,  821
"1145","1846", 1769, 1770, 1606, 1697, 1612, 1325, 1347
"1146","1847",  514,  527,  500,  484,  485,  410,  460
"1147","1848", 1787, 2075, 1843, 1893, 1901,  559,  438
"1148","1849",  557,  591,  483,  556,  523,  293,  276
"1149","1850", 1223, 1266, 1231, 1239, 1269,  711,  499
"1150","1851", 3536, 3683, 3485, 3551, 3652, 1699, 1311
"1151","1852",  271,  317,  288,  317,  284,  231,  231
"1152","1853",  370,  380,  334,  333,  344,  263,  278
"1153","1854",  353,  371,  353,  353,  272,  287,  300
"1154","1855",   76,  111,  109,  127,  121,  121,  122
"1155","1856",  818,  901,  826,  830,  786,  759,  713
"1156","1857",  496,  523,  430,  436,  443,  283,  285
"1157","1858",  554,  563,  514,  496,  536,  539,  523
"1158","1859",  528,  663,  526,  555,  541,  128,  100
"1159","1901", 2917, 3170, 2814, 3003, 2927, 2512, 2531
"1160","1904", 4107, 4397, 3934, 4082, 3957, 3934, 3475
"1161","1906",12119,12865,12509,12094,13095,14054,12997
"1162","1907", 1674, 1797, 1797, 1818, 1841, 1521, 1403
"1163","1908", 4154, 4444, 4393, 4229, 4468, 4231, 4063
"1164","1910",  712,  770,  794,  728,  680,  525,  498
"1165","1911",10705,11647,10663,10856,11011, 8534, 7518
"1166","1912", 3002, 3090, 2908, 2984, 3023, 2570, 2422
"1167","1913", 1599, 1833, 1588, 1694, 1735, 1862, 1718
"1168","1914", 3443, 3649, 3422, 3364, 3547, 3186, 2944
"1169","1916",  962, 1019,  898,  898,  960,  959,  834
"1170","1920", 2431, 2589, 2471, 2453, 2364, 2487, 2371
"1171","1924", 1014, 1078, 1045,  989,  954,  886,  827
"1172","1925", 6860, 7233, 6757, 6628, 7031, 6162, 6033
"1173","1928", 3075, 3270, 2885, 2854, 3136, 2871, 2627
"1174","1929", 1985, 2022, 1578, 1834, 1841, 1868, 1778
"1175","1930", 1169, 1254, 1174, 1192, 1227, 1051,  982
"1176","1931", 3157, 3325, 3088, 3050, 3069, 2382, 2121
"1177","1933", 2789, 2869, 2709, 2837, 3015, 2584, 2447
"1178","1936", 1344, 1412, 1358, 1285, 1326, 1260, 1096
"1179","1937", 1619, 1618, 1546, 1520, 1565, 1563, 1562
"1180","1940",  477,  465,  464,  461,  435,  444,  411
"1181","1941", 1856, 1856, 1891, 1869, 1803, 1632, 1562
"1182","1943",  816,  779,  799,  777,  837,  793,  691
"1183","1946", 3138, 3279, 3306, 3179, 3452, 2578, 2321
"1184","1951",  740,  758,  743,  729,  783,  822,  894
"1185","1952", 2091, 2276, 2063, 2054, 2046, 1922, 1831
"1186","1953", 1324, 1342, 1262, 1264, 1306, 1254, 1140
"1187","1955", 4790, 4973, 4758, 4820, 4964, 4228, 3893
"1188","1956", 1803, 1956, 1837, 1779, 1875, 1461, 1450
"1189","1957", 2127, 2264, 2118, 2206, 2118, 1931, 1841
"1190","1958", 2164, 2223, 2123, 2019, 2012, 1910, 1797
"1191","1959", 1721, 1911, 1738, 1826, 1712, 1561, 1518
"1192","1960", 2834, 2992, 2782, 2794, 2821, 2803, 2865
"1193","1961", 6046, 6355, 6270, 6036, 6530, 7106, 6297
"1194","1962", 2475, 2842, 2456, 2547, 2595, 1113,  788
"1195","1963",  219,  210,  208,  201,  221,  225,  187
"1196","1964", 1474, 1602, 1465, 1491, 1518, 1342, 1239
"1197","1965", 1241, 1289, 1193, 1169, 1244, 1136, 1138
"1198","1966", 1819, 1916, 1874, 1798, 1819, 1569, 1469
"1199","1967",  441,  524,  508,  484,  461,  352,  334
"1200","1968",  794,  828,  822,  832,  881,  709,  708
"1201","1969",  344,  332,  323,  295,  323,  348,  302
"1202","1971",  538,  551,  532,  531,  495,  404,  393
"1203","1973",  476,  471,  458,  460,  505,  432,  417
"1204","1974", 1749, 1936, 1837, 1821, 1918, 1518, 1359
"1205","1975", 1990, 2150, 1977, 2021, 2127, 1993, 1993
"1206","1976",  760,  843,  783,  802,  820,  636,  657
"1207","1977", 1359, 1361, 1296, 1297, 1447, 1069,  967
"1208","1979",  447,  432,  409,  353,  453,  324,  360
"1209","1981", 1500, 1515, 1383, 1421, 1413, 1209, 1046
"1210","1983", 2037, 2005, 2074, 2040, 2018, 2178, 2143
"1211","1984", 2022, 2195, 2127, 2053, 2059, 1677, 1618
"1212","1985", 6126, 6076, 4953, 5797, 5754, 5222, 5217
"1213","1986", 4561, 5146, 4569, 4613, 4506, 2119, 1794
"1214","1987", 1375, 1325, 1209, 1228, 1199, 1329, 1369
"1215","1988", 2156, 2323, 2044, 2138, 2011, 1828, 1695
"1216","1990",    0,    0,    0,    0,    1,    0,    0
"1217","1991", 1678, 1804, 1600, 1705, 1624, 1456, 1392
"1218","1992",  220,  271,  237,  219,  214,  200,  161
"1219","1993",  379,  425,  355,  346,  336,  302,  288
"1220","1994",  850,  877,  790,  737,  758,  748,  787
"1221","1996", 1618, 1628, 1501, 1434, 1480, 1518, 1790
"1222","1998",  893,  904,  874,  861,  954, 1103, 1049
"1223","1999",  392,  431,  407,  383,  355,  413,  351
"1224","2000", 1106, 1157, 1023,  953, 1004, 1138, 1195
"1225","2002", 9725, 9972, 9329, 9203, 9958,12220,11930
"1226","2003", 4117, 4286, 4006, 3785, 4338, 5160, 4921
"1227","2007", 4017, 4239, 4024, 4041, 3981, 3534, 3039
"1228","2008", 1046, 1100, 1056,  938, 1020, 1168, 1202
"1229","2009", 2313, 2507, 2379, 2477, 2511, 2223, 2219
"1230","2012", 2053, 2119, 2038, 2047, 1938, 2092, 1920
"1231","2013", 4751, 4938, 4451, 4480, 4430, 4425, 4291
"1232","2015", 5323, 5503, 5380, 5256, 5132, 5167, 4815
"1233","2016", 4075, 4065, 3973, 3943, 3938, 3676, 3519
"1234","2020", 1675, 1654, 1585, 1594, 1630, 1603, 1363
"1235","2024", 3120, 3414, 3140, 3249, 3144, 3088, 3317
"1236","2025", 7557, 7547, 7031, 6935, 7275, 8592, 8589
"1237","2026", 1352, 1499, 1453, 1375, 1398, 1280, 1208
"1238","2027", 2533, 2410, 2326, 2342, 2364, 2389, 2362
"1239","2028", 1573, 1644, 1636, 1629, 1655, 1721, 1569
"1240","2032", 3610, 4129, 4078, 4088, 4487, 4330, 3761
"1241","2033", 2471, 2476, 2343, 2301, 2248, 2361, 2202
"1242","2034", 3124, 3242, 2976, 3078, 3076, 3029, 2831
"1243","2036", 1353, 1497, 1405, 1417, 1432, 1415, 1347
"1244","2037", 1641, 1653, 1624, 1486, 1780, 2439, 2230
"1245","2038",  435,  519,  528,  480,  524,  631,  587
"1246","2040",  417,  435,  458,  447,  474,  493,  504
"1247","2041",  824,  868,  777,  778,  851,  783,  721
"1248","2048", 1471, 1755, 1530, 1537, 1574, 1448, 1215
"1249","2050", 9391, 9842, 9225, 9352, 9612, 9215, 8060
"1250","2054", 2506, 2551, 2567, 2397, 2450, 2571, 2687
"1251","2056", 3785, 3921, 3745, 3527, 3720, 3253, 2797
"1252","2057",  753,  789,  802,  800,  768,  759,  685
"1253","2058", 4785, 4808, 4597, 4375, 4593, 5266, 5117
"1254","2059", 2990, 3095, 2986, 2798, 2854, 2988, 3028
"1255","2060", 2273, 2372, 2256, 2222, 2266, 2465, 2298
"1256","2061",  219,  214,  180,  184,  179,  186,  224
"1257","2062",  619,  631,  613,  587,  610,  636,  613
"1258","2063", 3163, 3317, 3129, 3150, 3144, 2827, 2494
"1259","2064",  386,  407,  337,  387,  348,  323,  346
"1260","2065", 2277, 2349, 2118, 2209, 2204, 1840, 1446
"1261","2066", 2675, 2629, 2582, 2362, 2522, 2191, 2194
"1262","2067", 1585, 1636, 1612, 1565, 1495, 1280, 1352
"1263","2068",  153,  144,  147,  133,  135,  166,  114
"1264","2069",  931,  899,  808,  766,  821,  852,  956
"1265","2070", 2089, 2126, 1975, 1871, 2120, 2387, 2337
"1266","2071",  181,  198,  186,  218,  187,  158,  189
"1267","2102",16872,17131,16711,15958,16469,19548,19053
"1268","2103", 3995, 4223, 3975, 4058, 3984, 3733, 3919
"1269","2104", 3183, 3362, 3063, 3057, 3211, 2951, 2734
"1270","2105", 2001, 2215, 2051, 2034, 1879, 1805, 1615
"1271","2106", 4221, 4591, 4382, 4443, 4499, 4167, 3919
"1272","2107", 7414, 8053, 7906, 7835, 7459, 8027, 7153
"1273","2108", 3272, 3435, 3305, 3176, 3345, 3466, 3309
"1274","2109", 4638, 4705, 4523, 4472, 4421, 4374, 4335
"1275","2110", 1858, 1983, 2076, 1842, 1967, 1706, 1486
"1276","2111", 2404, 2456, 2354, 2353, 2450, 2764, 2672
"1277","2112", 2286, 2380, 2401, 2274, 2398, 2652, 2535
"1278","2113", 3323, 3502, 3492, 3134, 3413, 3807, 3780
"1279","2114",  201,  198,  204,  205,  250,  226,  214
"1280","2115", 2288, 2259, 2118, 2138, 2050, 1961, 1872
"1281","2116", 1905, 1984, 1928, 1830, 1874, 2015, 2003
"1282","2119", 2488, 2694, 2503, 2636, 2433, 2556, 2362
"1283","2122", 2852, 3029, 2781, 2727, 2902, 3152, 3314
"1284","2127",  831,  895,  906,  851,  865,  870,  784
"1285","2128", 1204, 1195, 1181, 1101, 1202, 1295, 1330
"1286","2129", 1179, 1242, 1184, 1152, 1171, 1369, 1493
"1287","2130",  618,  642,  647,  578,  650, 1140, 1268
"1288","2135", 3646, 3917, 3864, 3744, 4089, 3755, 3409
"1289","2136", 4524, 4736, 4769, 4482, 4836, 5294, 4812
"1290","2137", 1501, 1630, 1610, 1570, 1580, 1490, 1491
"1291","2139", 5980, 6563, 6364, 6301, 6420, 6202, 5743
"1292","2140", 4624, 4866, 4721, 4480, 4341, 4287, 4383
"1293","2141", 3635, 3792, 3606, 3692, 3625, 3897, 3489
"1294","2143", 1580, 1674, 1629, 1638, 1538, 1684, 1671
"1295","2144", 1430, 1626, 1538, 1440, 1481, 1420, 1240
"1296","2145", 1896, 2003, 1850, 1881, 1898, 1779, 1776
"1297","2148", 2253, 2244, 2155, 2164, 2189, 2099, 2008
"1298","2153", 1628, 1664, 1656, 1597, 1458, 1403, 1559
"1299","2156", 2019, 1953, 1925, 1867, 1901, 1672, 1513
"1300","2157", 2935, 3150, 2913, 2846, 2935, 2957, 2871
"1301","2159", 1161, 1211, 1029, 1049, 1010, 1010, 1030
"1302","2160",  956, 1064, 1008, 1060,  920,  767,  707
"1303","2164", 1753, 1844, 1732, 1745, 1704, 1756, 1641
"1304","2165",  728,  717,  673,  629,  661,  719,  736
"1305","2167", 1053, 1171, 1045, 1057, 1090, 1181, 1159
"1306","2169", 2548, 2722, 2626, 2607, 2492, 2629, 2381
"1307","2170", 1378, 1501, 1418, 1432, 1422, 1249, 1167
"1308","2171", 2361, 2321, 2409, 2236, 2361, 2691, 2597
"1309","2172", 1122,  963, 1192, 1062, 1123, 1221, 1219
"1310","2173", 7172, 7634, 7371, 7207, 7312, 7156, 6820
"1311","2174", 1447, 1615, 1463, 1454, 1571, 1550, 1454
"1312","2175", 1029, 1106, 1083,  971, 1046, 1202, 1175
"1313","2176", 3549, 3798, 3626, 3596, 3444, 3931, 4094
"1314","2177", 6645, 6712, 6536, 6288, 6557, 6074, 6077
"1315","2178", 1000,  964,  943,  872,  853,  951,  846
"1316","2179", 1356, 1375, 1321, 1230, 1225, 1485, 1363
"1317","2180", 1360, 1317, 1320, 1292, 1303, 1368, 1403
"1318","2183", 6474, 6588, 6187, 6000, 5933, 6361, 6211
"1319","2184",  349,  374,  329,  325,  355,  339,  390
"1320","2185",  130,  167,  154,  146,  180,  138,  166
"1321","2201",  412,  550,  542,  449,  526,  598,  575
"1322","2202", 3772, 4247, 4212, 4077, 4429, 3515, 2716
"1323","2203",  356,  440,  352,  345,  386,  605,  617
"1324","2205", 1667, 1948, 1776, 1751, 1837, 1751, 1612
"1325","2206", 2966, 3156, 2922, 2949, 3297, 2347, 2115
"1326","2207",  322,  384,  397,  316,  324,  223,  240
"1327","2210",  997,  940,  945,  781,  965,  845,  739
"1328","2211", 1850, 2118, 2023, 1994, 2088, 2006, 2033
"1329","2212", 1214, 1162, 1092, 1090, 1113, 1158, 1230
"1330","2213", 2574, 2862, 2723, 2625, 2806, 2647, 2311
"1331","2214", 3155, 3136, 3347, 3006, 3701, 5832, 5134
"1332","2215", 1933, 1915, 1839, 1821, 1930, 2845, 2530
"1333","2217", 4517, 4517, 4542, 4142, 5437, 8062, 6996
"1334","2219",14350,14597,14376,13040,17432,25511,22302
"1335","2220", 5669, 5949, 5552, 5317, 5891, 7705, 7343
"1336","2221", 2978, 3222, 2976, 2998, 2929, 2759, 2819
"1337","2222", 5162, 5779, 5371, 5321, 5734, 4821, 4075
"1338","2223", 1194, 1266, 1186, 1102, 1090, 1059,  877
"1339","2224",  543,  584,  568,  602,  643,  581,  482
"1340","2225",  483,  491,  430,  465,  451,  356,  322
"1341","2226",  248,  253,  204,  193,  195,  184,  168
"1342","2227", 2854, 3135, 2953, 2939, 3005, 2734, 2495
"1343","2228", 4188, 4454, 4289, 4189, 4437, 4290, 3733
"1344","2229",  897,  948,  941,  929,  938, 1126, 1025
"1345","2230", 5257, 5540, 5217, 4931, 5457, 5462, 5215
"1346","2231", 5992, 6441, 6031, 5734, 6160, 4656, 4114
"1347","2233", 1560, 1616, 1424, 1363, 1414, 1272, 1340
"1348","2235", 1409, 1412, 1316, 1330, 1355, 1140, 1105
"1349","2237", 1831, 2101, 1942, 1857, 2161, 1746, 1486
"1350","2239", 2012, 2238, 2002, 1924, 2001, 1692, 1453
"1351","2241", 1407, 1586, 1373, 1383, 1467, 1160, 1144
"1352","2242", 3178, 3294, 3025, 2899, 3316, 2042, 1622
"1353","2243", 2112, 2252, 2060, 1985, 2219, 1423, 1062
"1354","2244", 3745, 4052, 3832, 3721, 3774, 3211, 3299
"1355","2245", 1667, 1751, 1681, 1602, 1581, 1485, 1308
"1356","2246", 1820, 2126, 1960, 1956, 1863, 1077,  998
"1357","2247", 3566, 3906, 3595, 3526, 3633, 3274, 2940
"1358","2248", 1460, 1702, 1479, 1468, 1538, 1119,  956
"1359","2249",  795,  769,  686,  675,  760,  564,  594
"1360","2250", 1471, 1559, 1358, 1390, 1486, 1354, 1467
"1361","2251", 2136, 2330, 2158, 2099, 2159, 1588, 1454
"1362","2252", 4135, 4338, 3924, 4021, 4236, 2827, 1939
"1363","2255", 6645, 6995, 6501, 6273, 6890, 5333, 4835
"1364","2256", 1487, 1487, 1415, 1348, 1486, 1063,  834
"1365","2257",  461,  576,  490,  512,  561,  407,  431
"1366","2258",  905,  895,  872,  845,  770,  691,  769
"1367","2259", 2807, 2737, 2573, 2448, 2698, 2871, 2882
"1368","2262", 6719, 6709, 6641, 6053, 7466,11619,11444
"1369","2263", 2650, 2703, 2547, 2475, 2626, 1747, 1667
"1370","2264", 4774, 4868, 4586, 4576, 4873, 4990, 4533
"1371","2265", 4091, 3973, 3818, 3590, 3960, 3866, 3596
"1372","2266", 1852, 1890, 1855, 1725, 1845, 1592, 1704
"1373","2268", 1769, 1933, 1906, 1766, 1945, 1652, 1397
"1374","2269",  762,  787,  713,  701,  740,  653,  690
"1375","2270",  618,  707,  623,  610,  623,  726,  656
"1376","2271", 1426, 1480, 1336, 1346, 1365, 1346, 1220
"1377","2272",  798,  801,  804,  779,  825,  683,  554
"1378","2273", 2015, 2213, 2148, 1988, 2127, 1391, 1686
"1379","2274", 3279, 3474, 3357, 3218, 3194, 2504, 2290
"1380","2275",  154,  167,  134,  150,  194,  111,  114
"1381","2276", 2041, 2201, 1891, 1792, 1960, 1813, 1946
"1382","2277", 1955, 2136, 2041, 1852, 1951, 2009, 1833
"1383","2279", 3022, 3146, 2923, 2737, 2941, 2469, 2065
"1384","2280",  975, 1051, 1036,  935,  911,  832,  728
"1385","2281", 1053, 1132, 1081, 1049, 1044,  747,  626
"1386","2282",  173,  223,  230,  185,  208,  180,  164
"1387","2283",  302,  307,  318,  315,  263,  251,  165
"1388","2284",  451,  476,  444,  454,  447,  243,  246
"1389","2285",  999, 1049, 1067, 1001,  974, 1011,  934
"1390","2286",   36,   36,   43,   32,   34,   26,   46
"1391","2287",   52,   57,   56,   61,   60,   29,   29
"1392","2288",   67,   91,   90,   65,   88,   77,   68
"1393","2289",  116,  120,  156,  130,  143,  150,  115
"1394","2290", 1993, 2131, 2065, 1951, 2212, 2155, 1910
"1395","2292", 1062, 1016,  972,  991, 1008,  807,  784
"1396","2293", 1420, 1522, 1432, 1355, 1485, 1291, 1172
"1397","2294", 2248, 2426, 2289, 2219, 2264, 1946, 1866
"1398","2297", 1161, 1255, 1173, 1194, 1217,  869,  841
"1399","2298", 1058, 1034, 1134, 1030, 1065,  942,  937
"1400","2299", 1125, 1173, 1017, 1030, 1075,  711,  680
"1401","2301", 6704, 6615, 6502, 5926, 6477, 9887, 9880
"1402","2302", 4693, 5027, 4804, 4817, 4915, 4635, 4162
"1403","2303", 2849, 2929, 2812, 2828, 2814, 2347, 2176
"1404","2304",  485,  609,  545,  549,  534,  406,  338
"1405","2305", 1695, 1897, 1786, 1727, 1641,  921,  855
"1406","2306", 3557, 4001, 3726, 3561, 3929, 2840, 2417
"1407","2307", 3509, 3659, 3672, 3394, 3644, 4773, 4404
"1408","2308", 2381, 2692, 2828, 2585, 2611, 2620, 2473
"1409","2309", 1037, 1008,  955,  927,  947,  895,  812
"1410","2310", 1665, 1915, 1866, 1738, 1808, 1876, 1777
"1411","2311",  415,  432,  391,  364,  427,  399,  357
"1412","2312", 1159, 1168, 1135, 1118, 1286, 1250, 1067
"1413","2313", 2901, 3158, 2953, 2831, 2996, 2904, 2571
"1414","2314", 2023, 2085, 1984, 1741, 1897, 2406, 2668
"1415","2315", 4021, 3997, 3870, 3901, 3985, 3126, 2923
"1416","2316", 3654, 3923, 3558, 3578, 3716, 2673, 2358
"1417","2317", 2315, 2493, 2375, 2205, 2328, 2351, 2135
"1418","2318", 1829, 1890, 1751, 1788, 1749, 1545, 1508
"1419","2319", 1872, 2372, 2195, 2208, 2256, 1117,  922
"1420","2320", 2721, 2709, 2597, 2448, 2467, 2833, 2969
"1421","2321", 2151, 2390, 2238, 2204, 2194, 2617, 2746
"1422","2322", 2067, 2357, 2217, 2080, 2211, 1553, 1542
"1423","2323",  854, 1009,  949,  915,  942,  755,  737
"1424","2324", 2616, 2553, 2671, 2513, 2704, 2737, 2705
"1425","2325", 2804, 2945, 2730, 2693, 2743, 2896, 2838
"1426","2326",  895,  928,  875,  862,  934,  805,  772
"1427","2327", 4430, 4668, 4326, 4273, 4256, 2622, 2352
"1428","2328", 1751, 1863, 1745, 1725, 1620, 1032,  963
"1429","2329", 1150, 1178, 1166, 1139, 1126,  620,  648
"1430","2330", 1888, 2092, 1940, 1968, 1786, 1435, 1408
"1431","2331", 1604, 1540, 1547, 1433, 1493, 1000, 1045
"1432","2332", 3367, 3731, 3480, 3421, 3486, 2667, 2199
"1433","2333", 2046, 2117, 1948, 1893, 1898, 1431, 1368
"1434","2334",  827,  818,  770,  751,  751,  536,  482
"1435","2335", 3241, 3420, 3206, 3058, 3325, 2946, 2789
"1436","2336", 1114, 1071, 1033,  994, 1025,  933,  902
"1437","2337", 1409, 1453, 1476, 1331, 1475, 1797, 1727
"1438","2339", 1378, 1411, 1291, 1335, 1356, 1442, 1597
"1439","2340", 4585, 5092, 4855, 4489, 4810, 4241, 3991
"1440","2341",  811,  798,  787,  748,  757,  871,  978
"1441","2342", 4028, 4308, 3992, 3892, 3864, 4011, 4041
"1442","2343",  327,  371,  327,  332,  360,  365,  373
"1443","2344", 1438, 1489, 1450, 1360, 1385, 1422, 1440
"1444","2347",  584,  566,  563,  534,  517,  300,  259
"1445","2348", 5219, 5843, 5284, 5137, 5000, 2031, 1563
"1446","2349", 1337, 1415, 1408, 1374, 1417, 1006,  898
"1447","2350",  929,  972,  888,  846,  862,  812,  855
"1448","2351",  531,  506,  505,  453,  501,  555,  524
"1449","2352",  501,  517,  482,  481,  448,  191,  177
"1450","2353", 1456, 1512, 1465, 1414, 1548, 1071,  987
"1451","2354",  687,  775,  706,  726,  832,  721,  594
"1452","2355", 4109, 4442, 4195, 4148, 4499, 3638, 3904
"1453","2356", 1248, 1325, 1229, 1188, 1202, 1006,  961
"1454","2357",  892,  909,  868,  833,  876,  596,  597
"1455","2358", 1139, 1169, 1082, 1118, 1124, 1043, 1025
"1456","2359", 1860, 1936, 1768, 1794, 1759, 1671, 1618
"1457","2360", 2045, 2086, 1939, 1799, 1812, 1503, 1296
"1458","2361", 1629, 1801, 1812, 1624, 1909, 2332, 1990
"1459","2362", 2024, 2195, 2256, 2032, 2331, 2596, 2625
"1460","2363",  828,  997,  967,  949,  977,  823,  664
"1461","2364", 1214, 1411, 1304, 1335, 1273,  972,  855
"1462","2365", 2227, 2470, 2347, 2236, 2401, 2165, 2162
"1463","2368",  719,  816,  799,  711,  754,  620,  658
"1464","2369", 2133, 2402, 2234, 2079, 2125, 1529, 1524
"1465","2370", 2022, 2037, 1986, 1898, 2134, 2064, 1979
"1466","2371",  377,  467,  434,  403,  438,  316,  294
"1467","2372", 2651, 2868, 2513, 2442, 2643, 2822, 2937
"1468","2373", 1977, 2016, 1908, 1783, 1912, 2144, 2260
"1469","2375", 1163, 1253, 1174, 1050, 1166, 1132, 1100
"1470","2376",  604,  611,  538,  545,  585,  552,  511
"1471","2377", 4039, 4331, 4060, 4083, 4409, 3532, 3139
"1472","2380", 1300, 1421, 1409, 1349, 1314, 1094,  986
"1473","2381", 1027, 1184, 1129, 1164, 1139, 1016,  910
"1474","2382",  740,  754,  711,  721,  747,  673,  643
"1475","2383",  396,  485,  383,  427,  488,  468,  489
"1476","2384", 3371, 3536, 3307, 3237, 3211, 3130, 3116
"1477","2385", 1875, 2048, 1820, 1843, 1860, 1468, 1386
"1478","2386",  226,  209,  245,  193,  201,  157,  135
"1479","2387", 2124, 2153, 1973, 1958, 2020, 1883, 1846
"1480","2388",  477,  529,  464,  430,  405,  299,  315
"1481","2389",  380,  329,  338,  348,  349,  344,  349
"1482","2390",  395,  369,  320,  346,  382,  383,  344
"1483","2391",   85,   83,   96,   94,  104,   72,   59
"1484","2392",   99,  120,   97,   98,  109,   93,  114
"1485","2393",   75,   72,   84,   82,   75,   40,   49
"1486","2394",   14,   21,   14,   21,   14,   23,   17
"1487","2395",  122,  100,   93,   88,   71,  105,   87
"1488","2396",  949, 1044,  941,  897,  909,  940, 1123
"1489","2398",  632,  686,  654,  650,  684,  495,  405
"1490","2401",  324,  333,  344,  286,  291,  321,  359
"1491","2403",  134,  123,  123,  127,  130,  146,  150
"1492","2404",  838,  880,  872,  850,  863,  757,  863
"1493","2405",  629,  620,  615,  523,  555,  418,  366
"1494","2406",  342,  365,  369,  387,  347,  330,  310
"1495","2407", 2444, 2530, 2410, 2502, 2500, 2250, 1962
"1496","2408",  967,  920,  847,  786,  869,  885,  859
"1497","2409", 1308, 1398, 1229, 1207, 1223,  835,  809
"1498","2410",  935, 1107, 1028,  993, 1003,  572,  474
"1499","2411",  710,  892,  759,  738,  774,  841, 1048
"1500","2412", 1667, 1780, 1657, 1604, 1709, 1529, 1409
"1501","2501", 1116, 1244, 1123, 1001, 1109, 1291, 1232
"1502","2502",  666,  772,  680,  718,  693,  562,  561
"1503","2503", 1227, 1394, 1335, 1267, 1274,  961,  920
"1504","2504",  957, 1087, 1004,  908, 1064, 1193, 1073
"1505","2505", 2016, 1965, 1891, 1741, 1959, 1377, 1275
"1506","2506",  355,  353,  389,  363,  367,  299,  339
"1507","2508", 1771, 1872, 1755, 1702, 1686, 1217, 1330
"1508","2509",  784,  861,  800,  843,  837,  637,  632
"1509","2510",  245,  253,  244,  207,  244,  143,  147
"1510","2511",  920,  979,  997,  941,  958,  941,  965
"1511","2601", 3734, 3719, 3732, 3463, 3529, 3883, 3890
"1512","2602",    7,    6,    8,    6,    9,   19,   13
"1513","2603", 1034, 1492, 1337, 1235, 1282, 1191, 1267
"1514","2604", 1825, 1882, 1824, 1781, 1710, 1628, 1659
"1515","2605",  770,  858,  772,  728,  720,  505,  481
"1516","2606",  971,  983, 1072,  901,  941,  894, 1052
"1517","2607",  955,  948,  868,  850,  810,  716,  804
"1518","2608", 2289, 2314, 2301, 2192, 2450, 2118, 2046
"1519","2609",  132,  126,  136,  105,  107,   83,  118
"1520","2610", 1663, 1824, 1778, 1617, 1785, 1650, 1771
"1521","2611", 1821, 1943, 1706, 1673, 1710, 1636, 1545
"1522","2612",  115,  129,  119,  118,  124,   93,  126
"1523","2613", 3123, 3014, 2947, 2745, 3435, 5092, 5443
"1524","2614", 1568, 1609, 1570, 1594, 1505, 1531, 1479
"1525","2615", 2480, 2747, 2589, 2480, 2556, 1698, 1485
"1526","2616",  321,  338,  269,  263,  292,  283,  259
"1527","2617", 1276, 1315, 1173, 1241, 1172, 1185, 1167
"1528","2618", 1762, 1992, 1856, 1890, 1765, 1775, 1804
"1529","2619", 4493, 4895, 4291, 4279, 4341, 4132, 4068
"1530","2620", 4259, 4617, 4289, 4184, 4225, 4276, 3940
"1531","2621", 3562, 3641, 3472, 3414, 3701, 4491, 5074
"1532","2622", 4340, 4431, 4164, 4210, 4684, 6201, 6452
"1533","2701", 6868, 7568, 7281, 7384, 7701, 5601, 4846
"1534","2702",  684,  737,  671,  671,  693,  741,  660
"1535","2801",  726,  806,  641,  664,  676,  291,  206
"1536","3100",  561,  575,  597,  567,  593,  522,  523
"1537","3101", 2179, 2107, 2039, 1891, 1971, 1735, 1689
"1538","3102", 3135, 3339, 3388, 3170, 3238, 3292, 3100
"1539","3103", 1149, 1221, 1179, 1090, 1147, 1064, 1051
"1540","3104", 1104, 1054, 1070, 1052, 1016,  940, 1024
"1541","3105",  200,  210,  198,  220,  214,  192,  205
"1542","3106", 2245, 2249, 2225, 2119, 2298, 2124, 2259
"1543","3107",  679,  731,  623,  591,  687,  612,  607
"1544","3500", 3840, 4005, 3789, 3806, 3796, 3262, 3046
"1545","3501", 5021, 5226, 5031, 4964, 5172, 4187, 4210
"1546","3502", 1959, 2116, 2078, 2029, 1890, 1739, 1733
"1547","3503",  337,  270,  325,  334,  332,  413,  425
"1548","3504", 3655, 3762, 3666, 3585, 3629, 3720, 3674
"1549","3505", 2450, 2537, 2321, 2240, 2359, 2574, 2564
"1550","3506", 2849, 2956, 2882, 2905, 2943, 2518, 2276
"1551","3507", 1738, 1794, 1694, 1645, 1556, 1553, 1493
"1552","3508", 5889, 6144, 5979, 5931, 5872, 4966, 4740
"1553","3509", 7670, 7842, 7631, 7659, 7309, 5785, 5796
"1554","3510", 1037, 1116, 1065, 1067, 1065, 1057, 1064
"1555","3511", 5695, 5758, 5522, 5267, 5545, 6807, 7261
"1556","3513", 2919, 3012, 2771, 2737, 2791, 2714, 2301
"1557","3514", 3647, 3755, 3482, 3519, 3615, 3334, 3426
"1558","3515", 4368, 4082, 4233, 3503, 4451,10284,11413
"1559","3516", 1869, 1823, 1738, 1826, 1823, 1757, 1564
"1560","3517", 3067, 3261, 3146, 3121, 3031, 3073, 3020
"1561","3518", 6587, 6784, 6527, 6567, 6274, 5952, 5532
"1562","3519", 5342, 5606, 5323, 5215, 4976, 4962, 4877
"1563","3520", 4617, 4767, 4678, 4544, 4481, 3995, 3877
"1564","3521",  547,  533,  539,  482,  511,  508,  554
"1565","3522", 4380, 4509, 4079, 4118, 3893, 3662, 3918
"1566","3523", 3916, 4351, 4060, 3959, 3307, 1210, 1142
"1567","3524", 1466, 1492, 1490, 1432, 1146,  723,  664
"1568","3525", 1294, 1332, 1236, 1164, 1235, 1317, 1483
"1569","3527",   29,   33,   31,   25,   31,   49,   35
"1570","3528", 1593, 1236, 1525, 1462, 1513, 1440, 1515
"1571","3529", 1067, 1245, 1069, 1103, 1204, 1315, 1270
"1572","3530",  438,  401,  386,  422,  379,  336,  301
"1573","3531",   47,   69,   61,   52,   64,   53,   68
"1574","3532",  262,  283,  237,  251,  239,  122,  131
"1575","3533", 6923, 6839, 6831, 6468, 7226, 8278, 7941
"1576","3534", 3576, 3836, 3519, 3468, 3947, 3852, 3676
"1577","3535", 2208, 2548, 2182, 2309, 2176, 1975, 1978
"1578","3536", 2276, 2366, 2177, 2159, 2194, 1999, 2010
"1579","3537",  522,  557,  530,  511,  557,  463,  488
"1580","3538",  758,  710,  721,  765,  686,  529,  523
"1581","3539",  128,  165,  140,  142,  166,  163,  181
"1582","3541", 3431, 3710, 3450, 3538, 3718, 3631, 3494
"1583","3542", 1818, 1911, 1760, 1727, 1809, 1579, 1487
