"","start_stn","b_weekday.1","b_weekday.2","b_weekday.3","b_weekday.4","b_weekday.5","b_weekday.6","b_weekday.7"
"1","101", 3134, 3400, 3380, 3236, 3427, 3163, 2778
"2","102",12121,12819,12049,12014,12607,13130,11822
"3","103", 8247, 8546, 8433, 8514, 8800, 9288, 8412
"4","104", 8196, 8280, 8100, 8122, 8654, 9400, 8093
"5","105", 4762, 4999, 4801, 5039, 5257, 5601, 4916
"6","106",12847,13285,12943,12365,13591,17909,16581
"7","107",10415,11060,10511,10573,10997, 9034, 7896
"8","108", 6987, 7115, 6789, 7139, 7563, 7406, 6552
"9","109", 7201, 7354, 7081, 7100, 7392, 8714, 8107
"10","110", 3143, 3317, 2958, 3047, 3210, 3177, 2816
"11","111", 7254, 7194, 7151, 7093, 7441, 8812, 8592
"12","112", 7819, 8022, 7853, 8009, 8238, 7649, 7535
"13","113",25704,27208,26254,26754,28378,28474,24017
"14","114",11199,11706,11522,11587,12358,12774,11408
"15","115", 7376, 7594, 7525, 7389, 7682, 7042, 6827
"16","116", 7634, 8167, 8047, 8046, 8416, 7832, 7036
"17","117", 6522, 6621, 6372, 6130, 6520, 6956, 6393
"18","118", 7110, 6978, 6935, 7080, 7165, 6773, 6084
"19","119", 6097, 6208, 6033, 5923, 6081, 6374, 6097
"20","120", 3039, 3266, 3135, 3128, 3289, 2914, 2488
"21","121", 3866, 4232, 3831, 4041, 3910, 3867, 3152
"22","122", 5613, 5917, 5630, 5832, 5868, 5251, 4766
"23","123", 3748, 4222, 4006, 3845, 3901, 4080, 3539
"24","124", 8023, 8108, 7872, 7848, 7857, 7464, 6908
"25","125", 7968, 8278, 7606, 7894, 7620, 5805, 5401
"26","126",10728,10668,10341,10443,10093, 8669, 7591
"27","127", 3167, 3108, 3052, 3110, 3170, 2940, 2633
"28","128", 9003, 9168, 8977, 9162, 9642, 9458, 8077
"29","129", 5934, 6030, 5817, 5882, 6074, 5530, 4704
"30","130", 7250, 7414, 7125, 7233, 7594, 7964, 7111
"31","131", 5247, 5597, 5297, 5336, 5455, 5979, 5495
"32","132", 3727, 3949, 3787, 3942, 4145, 4643, 4130
"33","133", 4846, 4906, 4769, 4525, 4660, 5060, 4656
"34","134", 3673, 3672, 3654, 3579, 3792, 4011, 3546
"35","135", 3533, 3576, 3452, 3452, 3598, 3871, 3490
"36","136", 2284, 2265, 2139, 2173, 2191, 1756, 1628
"37","137", 3236, 3038, 3133, 3028, 3046, 3177, 2999
"38","138", 4154, 4519, 4166, 4293, 4436, 3831, 3438
"39","139", 3570, 3417, 3150, 3310, 3382, 3146, 2521
"40","140", 4196, 4221, 4125, 4091, 4015, 3069, 2670
"41","141", 4804, 4901, 4573, 4662, 4588, 4065, 3355
"42","142", 3671, 3831, 3448, 3597, 3646, 3499, 2759
"43","143", 5190, 5331, 5030, 4961, 5130, 4673, 4347
"44","144",10658,10818,10388,10349,10954,10932, 9211
"45","145", 4924, 5357, 4943, 5076, 5181, 4180, 3320
"46","146", 8464, 8907, 8352, 8371, 8643, 8778, 7875
"47","147", 7305, 7633, 7158, 7092, 7536, 6981, 6234
"48","148", 5202, 5367, 5245, 5080, 5293, 5020, 4517
"49","150", 5972, 5970, 5977, 5757, 5967, 6186, 5555
"50","151", 5663, 6065, 5962, 6053, 6417, 7501, 6793
"51","152",14386,14694,14301,13672,15390,22854,22236
"52","153", 7117, 7868, 7341, 7655, 7708, 7014, 6439
"53","154", 7568, 8224, 7937, 8119, 8296, 8684, 7957
"54","155", 4883, 5136, 5137, 5001, 5291, 4638, 4275
"55","156", 4323, 4852, 4295, 4352, 4478, 3390, 3214
"56","157", 5160, 5878, 5438, 5362, 5538, 5387, 5025
"57","158", 3126, 3347, 3243, 3247, 3374, 3140, 2757
"58","159", 3393, 3457, 3216, 3364, 3325, 3284, 2862
"59","160", 3183, 3307, 3119, 3053, 3209, 3067, 2673
"60","161", 1695, 1837, 1747, 1780, 1825, 1782, 1514
"61","162", 5043, 4999, 4996, 4808, 4934, 4786, 4511
"62","163", 2579, 2688, 2494, 2430, 2545, 2157, 1937
"63","164", 2487, 2613, 2535, 2502, 2690, 2025, 2085
"64","165", 4281, 4506, 4406, 4469, 4631, 4514, 4067
"65","166", 6413, 7043, 6623, 6469, 6897, 6385, 5928
"66","167", 2358, 2535, 2432, 2380, 2455, 2168, 1927
"67","168", 1195, 1199, 1197, 1170, 1139, 1137,  991
"68","169", 2334, 2341, 2215, 2228, 2383, 1998, 1753
"69","170", 4220, 4463, 4344, 4335, 4424, 4409, 3991
"70","171", 2650, 2821, 2559, 2729, 2825, 1695, 1484
"71","172", 2380, 2390, 2425, 2407, 2377, 2470, 2160
"72","173", 4212, 4459, 4056, 4147, 4192, 2539, 2191
"73","174",  528,  514,  397,  477,  418,  380,  446
"74","175", 8121, 8384, 7879, 7728, 7737, 7524, 7134
"75","176", 6179, 6486, 6056, 6082, 5966, 5321, 4945
"76","177", 1769, 1930, 1798, 1910, 1897, 2008, 1778
"77","178", 2909, 3212, 2983, 2921, 3170, 2969, 2506
"78","179", 5965, 6159, 5914, 6030, 6040, 4823, 3907
"79","180", 3984, 4070, 3840, 3958, 3976, 3294, 2643
"80","181", 1047, 1043, 1060, 1084, 1145, 1875, 1724
"81","182", 6203, 6171, 6028, 5978, 6267, 9042, 8778
"82","183",11270,12146,11664,11568,11974,11285, 9866
"83","184", 6029, 6543, 6476, 6384, 6548, 6564, 5705
"84","185", 5239, 5380, 5163, 5036, 5286, 5419, 4990
"85","186", 5419, 4925, 5041, 4465, 5405,13360,15180
"86","188", 3879, 3903, 3718, 3660, 3698, 3939, 3465
"87","191", 2670, 2924, 2755, 2671, 2797, 2638, 2474
"88","192", 2852, 2914, 2911, 2866, 2963, 2692, 2403
"89","194", 6143, 6456, 6199, 6231, 6518, 5743, 5115
"90","195", 3054, 3120, 3031, 2964, 3153, 3007, 2670
"91","196", 1999, 2177, 2000, 2007, 2105, 2135, 2081
"92","198", 3187, 3379, 2999, 3175, 3301, 2818, 2300
"93","199", 3671, 3707, 3757, 3584, 3990, 5908, 4516
"94","200", 3664, 3714, 3700, 3495, 3667,  988, 1159
"95","201", 6949, 6724, 6456, 6783, 6879, 5684, 6424
"96","202",12046,11714,11186,11347,13067,10962,11116
"97","203", 7332, 7535, 6871, 7197, 7567, 3427, 3134
"98","204", 5759, 5972, 5552, 5703, 5614, 3626, 3354
"99","205", 6736, 6530, 6231, 6132, 6662, 6963, 7876
"100","206", 8359, 8308, 7723, 7870, 8144, 5876, 6361
"101","207",34774,32062,32013,30899,36463,47084,44746
"102","208",    4,    8,    9,    0,    0,    1,   10
"103","209", 6256, 5984, 5715, 5797, 6266, 4356, 3966
"104","210",14662,14716,14250,13976,14972,15328,15303
"105","211",12599,12683,11794,11916,12634, 9645, 7995
"106","212",11358,11900,11408,11670,12254, 8620, 7077
"107","213", 8586, 9047, 8587, 8621, 8757, 4817, 4368
"108","214", 5945, 6182, 6063, 5753, 6199, 3404, 2896
"109","215", 4310, 4040, 3781, 3692, 4373, 6794, 5874
"110","216", 6548, 6735, 6180, 6270, 6595, 5420, 5181
"111","217", 7609, 7802, 7228, 7578, 7772, 2981, 2533
"112","218", 4264, 4236, 3923, 4070, 4157, 2326, 1882
"113","219", 5239, 5429, 4975, 4997, 5273, 3160, 2380
"114","220", 5487, 5388, 5186, 5201, 5395, 4907, 3722
"115","221", 7141, 6995, 6550, 6602, 7275, 7857, 7606
"116","222",12144,12087,11626,11754,12291, 8527, 7537
"117","223", 6336, 6230, 5914, 6084, 6260, 4920, 4368
"118","224", 7867, 7941, 7599, 7683, 7804, 6032, 5021
"119","225", 5647, 5624, 5313, 5471, 5445, 4007, 3257
"120","226", 6459, 6589, 6506, 6599, 6826, 4956, 4147
"121","227", 4357, 4009, 4183, 3703, 4067, 6030, 5640
"122","228", 8287, 8400, 7733, 7897, 8213, 8900, 8629
"123","229", 5226, 5336, 5116, 5203, 5453, 3665, 3478
"124","230",11654,11991,11492,11527,11705, 9701, 8279
"125","231", 3153, 3210, 3090, 3104, 3124, 2301, 1946
"126","232", 9642, 9867, 9269, 9475, 9529, 7858, 7209
"127","233", 1227, 1149, 1108, 1049, 1120, 1022,  973
"128","234", 2255, 2584, 2321, 2395, 2288, 1979, 1588
"129","235", 2310, 2306, 2295, 2212, 2342, 2174, 2011
"130","236", 4095, 4234, 4082, 4177, 4480, 4039, 3653
"131","237", 3663, 4047, 3852, 3713, 3833, 3567, 3435
"132","238", 7962, 8037, 7411, 7628, 7513, 4389, 3393
"133","239", 5150, 5285, 4988, 5199, 5415, 3799, 3376
"134","240", 6485, 6202, 6036, 5979, 6500, 5878, 4329
"135","241", 3099, 3725, 3603, 3420, 3617, 3529, 3147
"136","242", 2818, 3022, 3073, 2916, 2984, 2828, 2488
"137","243", 5148, 5249, 4751, 4877, 5138, 4899, 3383
"138","244", 6686, 6809, 6662, 6721, 7108, 7056, 6446
"139","245", 6476, 6715, 6048, 6165, 6384, 5013, 4197
"140","247",14316,13786,13035,12930,13915,14264,13512
"141","248", 6016, 5389, 5249, 5033, 8240, 9986, 8879
"142","249", 4638, 4535, 4344, 3781, 5105, 7980, 7003
"143","250", 2214, 2363, 2278, 2248, 2417, 2147, 1818
"144","251", 2867, 2982, 2996, 2879, 2974, 2716, 2668
"145","252", 4326, 4464, 4298, 4306, 4514, 4163, 3821
"146","253", 3562, 3871, 3714, 3686, 3862, 3635, 3074
"147","254", 1673, 1835, 1724, 1629, 1758, 1638, 1573
"148","255", 2992, 3045, 2811, 2885, 2920, 3145, 2763
"149","256", 2784, 2824, 2873, 2727, 2871, 2953, 2457
"150","257", 6324, 6575, 6104, 5974, 6434, 6441, 5894
"151","258", 4944, 5338, 5170, 5142, 5351, 5037, 4331
"152","259",11290,12327,11222,11383,11642, 8579, 7140
"153","260", 2678, 2481, 2384, 2192, 2395, 3308, 3224
"154","262", 7323, 7400, 6898, 6891, 7149, 5656, 5131
"155","263", 6293, 6547, 6255, 6491, 6609, 4917, 4450
"156","264", 4057, 4085, 3942, 3968, 4143, 3033, 2609
"157","265", 3143, 3271, 3065, 3068, 3178, 2888, 2554
"158","266", 4480, 4417, 4390, 4362, 4689, 4757, 4036
"159","267", 4596, 4495, 4265, 4384, 4318, 4315, 4176
"160","268", 4738, 4735, 4404, 4290, 4685, 4630, 4393
"161","270", 2577, 2710, 2468, 2553, 2638, 1362, 1013
"162","271", 2152, 2150, 2044, 2101, 2064, 1925, 1853
"163","272",10892,10645, 9940,10010,10736,13961,13824
"164","274", 6419, 7056, 6777, 6439, 7186, 7254, 6326
"165","275", 3985, 4433, 4192, 4186, 4386, 4257, 3531
"166","276", 3180, 3708, 3515, 3390, 3697, 3298, 2820
"167","277", 2819, 3110, 3043, 2935, 3087, 3479, 2958
"168","278", 3122, 3421, 3184, 3219, 3115, 3295, 3163
"169","279", 3084, 3598, 3273, 3478, 3446, 3412, 3157
"170","280", 2210, 2512, 2327, 2290, 2445, 1933, 1656
"171","281", 1040, 1105,  940,  983,  988,  938, 1032
"172","282",  675,  646,  646,  558,  589,  607,  519
"173","283", 3353, 3627, 3188, 3186, 3256, 2771, 2817
"174","284", 4528, 4432, 4572, 4536, 4589, 5514, 5215
"175","285",  852,  926,  877,  871,  837,  718,  618
"176","286", 1495, 1503, 1482, 1410, 1440, 1213, 1074
"177","287", 2866, 3176, 2793, 2744, 2881, 2599, 2544
"178","288",  885,  869,  780,  819,  802,  668,  600
"179","289", 1095, 1225, 1019, 1077, 1060,  868,  810
"180","290", 1894, 1994, 1743, 1758, 1732, 1378, 1230
"181","291", 2236, 2458, 2181, 2173, 2282, 1304, 1159
"182","292",  859,  962,  932,  887,  932,  740,  707
"183","293", 2841, 2948, 2485, 2550, 2718, 2454, 2618
"184","300", 6962, 7170, 6782, 6685, 6595, 3701, 3351
"185","301", 6367, 6606, 6303, 6420, 6457, 4954, 4390
"186","302", 9601,10013, 9674, 9788,10380, 8219, 7456
"187","303", 7652, 7995, 7851, 7843, 7892, 4386, 3760
"188","304", 5061, 5057, 4909, 5076, 5386, 3721, 3859
"189","305", 7325, 7833, 7327, 7445, 7317, 3948, 3229
"190","306", 5307, 5620, 5412, 5376, 5734, 4152, 4191
"191","307", 5935, 6234, 6011, 6143, 6356, 4054, 3358
"192","308", 5413, 5659, 5425, 5593, 5547, 2990, 2241
"193","309", 5353, 5779, 5457, 5524, 5659, 2805, 2645
"194","310", 4679, 4979, 4719, 4688, 5077, 2838, 2868
"195","311",11250,12687,11828,12043,12184, 7489, 7130
"196","312", 9056, 9844, 9316, 9494, 9652, 5091, 4458
"197","313", 2912, 2864, 2666, 2899, 3177, 2334, 2027
"198","314", 6675, 6700, 6313, 6642, 7034, 7037, 6018
"199","315", 5455, 5464, 5143, 5288, 5684, 4813, 4294
"200","316", 9969,10246, 9736, 9743,10337, 6608, 5474
"201","318", 3498, 3455, 3326, 3549, 3540, 2479, 2146
"202","320", 6909, 6911, 6751, 6743, 6982, 4774, 3424
"203","321", 5088, 5275, 5130, 5167, 5527, 4571, 4183
"204","322", 3507, 3589, 3378, 3609, 3705, 3455, 3617
"205","323",  113,  133,  128,  137,  125,  106,   72
"206","324", 5189, 5233, 5143, 5137, 5537, 4451, 3422
"207","325",    0,    0,    0,    1,    0,    1,    0
"208","326", 7376, 7466, 7161, 7305, 7370, 5002, 3925
"209","327", 6692, 6686, 6545, 6585, 6739, 5497, 4079
"210","328", 7434, 7492, 7134, 7210, 7171, 6272, 5553
"211","329", 7435, 7791, 7522, 7566, 7340, 5506, 4485
"212","330", 3698, 3915, 3786, 3817, 3980, 2124, 1754
"213","331", 5021, 5341, 5112, 5188, 5447, 2234, 1772
"214","332", 3474, 3571, 3245, 3429, 3477, 1787, 1639
"215","333",  586,  580,  674,  702,  675,  552,  558
"216","334", 8308, 8366, 8451, 8380, 8797, 7594, 6021
"217","335", 5688, 5847, 5549, 5773, 5740, 4581, 3582
"218","336", 5041, 5218, 5021, 5160, 5190, 2837, 2328
"219","337", 2580, 2835, 2774, 2710, 2802, 2424, 2190
"220","338", 7394, 7762, 7164, 7441, 7501, 6379, 5132
"221","339", 7065, 7172, 7068, 7204, 7346, 6370, 4841
"222","340", 7913, 8152, 8225, 8326, 8176, 7297, 6560
"223","341", 6259, 6592, 6142, 6395, 6550, 5891, 5396
"224","342", 9147, 9787, 9473, 9400, 9813, 8728, 8267
"225","343", 3654, 3779, 3737, 3665, 3776, 2742, 2214
"226","344", 5191, 5738, 5350, 5381, 5583, 4841, 4227
"227","345", 5786, 6006, 5773, 5684, 6090, 2657, 1633
"228","346", 8260, 8221, 7859, 8040, 8493, 7704, 6155
"229","347", 6864, 6670, 6736, 6680, 7197, 7067, 6014
"230","348", 3471, 3563, 3285, 3356, 3504, 2981, 2636
"231","349", 3758, 4242, 3884, 3784, 3695, 3355, 2877
"232","350",  917,  935,  866,  995,  922,  613,  571
"233","351", 4006, 4154, 4166, 4025, 4060, 3561, 3002
"234","352", 2009, 2012, 1877, 1852, 1897, 1632, 1358
"235","353", 3505, 3670, 3130, 3428, 3492, 3245, 2762
"236","354", 4634, 4753, 4701, 4765, 4806, 4188, 3371
"237","355", 5632, 5712, 5682, 5709, 5778, 4442, 3777
"238","356", 5973, 6439, 6019, 6020, 6223, 4730, 4138
"239","358",12343,12705,12578,12466,12364,11201,10404
"240","359", 5709, 5864, 5794, 5754, 5826, 4081, 3635
"241","361", 8540, 8865, 8404, 8504, 8770, 8089, 6822
"242","362", 5452, 5451, 5250, 5442, 5470, 4810, 4312
"243","363", 5237, 5537, 5025, 5336, 5302, 4589, 4044
"244","364", 3273, 3498, 3491, 3382, 3464, 3089, 2623
"245","365",  152,  122,  119,  113,   87,   59,   79
"246","367", 2641, 3288, 3019, 2915, 3024, 2811, 2444
"247","368", 4231, 4350, 4161, 4261, 4319, 3256, 2945
"248","369", 6150, 6141, 6287, 6319, 6347, 4015, 3871
"249","370", 4746, 4806, 4507, 4590, 4864, 2226, 1599
"250","371", 3180, 3115, 2842, 2870, 2945, 3210, 2956
"251","372", 2701, 2881, 2810, 2743, 2932, 2707, 2568
"252","373",  555,  511,  492,  540,  516,  517,  570
"253","374", 3440, 3587, 3441, 3349, 3381, 2865, 2749
"254","375", 3570, 4011, 3813, 3701, 3932, 3252, 2780
"255","377", 1605, 1569, 1547, 1677, 1750, 1234,  968
"256","378", 6172, 6453, 6210, 6163, 6168, 4697, 3008
"257","379", 3345, 3325, 3081, 3099, 3480, 2703, 2385
"258","380", 4038, 3962, 3879, 3991, 3846, 2251, 1896
"259","381",  945,  971,  888,  888,  874,  891,  860
"260","382", 2302, 2238, 2193, 2118, 2192, 2176, 2077
"261","383", 8200, 8012, 8059, 7775, 8170, 6723, 5489
"262","384", 2106, 2256, 2026, 2211, 2180, 1731, 1394
"263","385", 6601, 6942, 6432, 6477, 6983, 5743, 4875
"264","386", 3928, 4314, 4031, 4098, 3941, 2525, 2155
"265","387", 3020, 3125, 3088, 2960, 3123, 2773, 1923
"266","388", 3401, 3611, 3595, 3410, 3608, 3571, 2804
"267","389", 3338, 3681, 3439, 3446, 3751, 2332, 1498
"268","390", 4066, 4190, 3870, 3869, 4016, 3229, 2766
"269","391", 2063, 2231, 2095, 2038, 2247, 1545, 1328
"270","393", 3997, 4116, 3954, 3913, 4062, 3300, 2663
"271","394", 1606, 1602, 1443, 1577, 1504, 1014,  854
"272","395", 2050, 2103, 1942, 2010, 1960, 1565, 1346
"273","397", 1820, 1964, 1828, 1861, 1923, 1742, 1341
"274","398", 1868, 2057, 1851, 1779, 2197, 1824, 1168
"275","399",  689,  700,  646,  669,  708,  568,  502
"276","400", 4280, 4475, 4323, 4279, 4509, 4008, 3529
"277","401", 3460, 3488, 3427, 3302, 3519, 3210, 2862
"278","402", 4539, 4442, 4289, 4329, 4632, 4123, 3683
"279","403", 3982, 4075, 3899, 3900, 3982, 2678, 2411
"280","404",   52,   58,   54,   60,   38,    6,    3
"281","405", 3375, 3680, 3517, 3511, 3757, 1639, 1491
"282","406", 2905, 3009, 2644, 2789, 2831, 2610, 2543
"283","407", 3985, 4095, 3798, 3948, 4079, 2925, 2364
"284","408", 5762, 5939, 5845, 6021, 5950, 2770, 2528
"285","409",11182,12166,11588,11674,12026, 7932, 6892
"286","410", 2210, 2108, 2205, 2040, 2207, 1636, 1659
"287","411", 4801, 5326, 5196, 5435, 5226, 3710, 3128
"288","412", 8442, 8633, 8358, 8708, 8572, 3862, 3643
"289","413", 3527, 3436, 3497, 3396, 3473, 3433, 3210
"290","414", 4978, 5061, 4784, 4849, 5006, 3522, 3032
"291","415",12754,13325,12361,12569,12927, 6042, 4984
"292","416", 5385, 5184, 5154, 5239, 5139, 3774, 3161
"293","417", 8339, 8604, 8612, 8481, 8479, 5111, 4536
"294","418", 8237, 8090, 8385, 7923, 8467,13144,13333
"295","419",10982,10801,10619,10290,11221,15068,13051
"296","420", 3753, 3440, 3501, 3368, 3886, 7782, 8281
"297","421",13076,13047,12574,12179,12634,10279, 9652
"298","422", 1231, 1299, 1419, 1188, 1377, 2916, 2407
"299","424", 1024, 1067,  958, 1003, 1105,  971,  933
"300","425", 1310, 1306, 1273, 1250, 1271,  399,  328
"301","426", 2032, 2042, 1889, 1839, 1951, 1575, 1335
"302","427", 1998, 2102, 2033, 2050, 2038, 1856, 1665
"303","428",  888,  920,  784,  780,  896,  489,  350
"304","429",  318,  312,  289,  287,  297,  315,  265
"305","430",  844,  828,  769,  817,  867,  654,  586
"306","431", 3438, 3386, 3180, 3206, 3294, 3084, 2422
"307","432",  808, 1702, 1420, 1373, 1464, 1426, 1300
"308","433", 1997, 2107, 1877, 1941, 2117, 1625, 1397
"309","434",  403,  340,  284,  348,  374,  390,  361
"310","435",  637,  589,  559,  606,  568,  487,  373
"311","436",  909,  900,  753,  842,  850,  808,  671
"312","437", 1494, 1591, 1416, 1429, 1455, 1538, 1366
"313","438", 2448, 2795, 2506, 2522, 2632, 2546, 2430
"314","439", 2205, 2245, 2069, 2050, 2173, 1880, 1671
"315","440",  289,  273,  450,  403,  573, 1138,  996
"316","446", 1728, 1611, 1580, 1588, 1455, 1406, 1265
"317","447",  562,  584,  556,  499,  558,  567,  428
"318","449",  445,  489,  438,  399,  444,  400,  413
"319","450", 2469, 2481, 2323, 2367, 2502, 2390, 2147
"320","451", 1642, 1628, 1546, 1545, 1555, 1263, 1327
"321","452", 1156, 1193, 1057, 1058, 1182,  831,  636
"322","453", 1902, 2058, 1898, 1837, 1986, 1757, 1360
"323","454", 2247, 2138, 2016, 1878, 2066, 1629, 1318
"324","455", 1035, 1173, 1022, 1038, 1147,  803,  485
"325","456", 1330, 1427, 1381, 1325, 1368, 1282, 1193
"326","457", 1507, 1640, 1444, 1463, 1490,  967,  708
"327","458", 2604, 2846, 2496, 2499, 2500, 1742, 1854
"328","461", 1972, 1982, 1836, 1744, 1831, 1163, 1070
"329","462",  195,  230,  187,  192,  190,  201,  148
"330","463",   48,   28,   22,   25,   34,   37,   22
"331","464",  368,  391,  356,  352,  420,  342,  369
"332","465",    2,    1,    7,    8,    6,    4,    0
"333","500",11489,11551,11284,11302,11213,10685,10036
"334","501", 9553, 9233, 9338, 9103, 9635,11442,10109
"335","502",27450,26602,26781,25185,28648,43073,40660
"336","503", 6262, 6333, 6221, 6132, 6302, 7027, 6453
"337","504", 7437, 8059, 7898, 7704, 8097, 7476, 6283
"338","505",11493,11811,11510,11223,11559,11159,10023
"339","506", 1953, 1851, 1845, 1895, 1770, 1391, 1136
"340","507", 4335, 4542, 4061, 4187, 4261, 2858, 2386
"341","508", 4715, 4822, 4618, 4687, 4743, 2917, 2414
"342","509",10157,10514,10051,10316,10592, 9180, 6984
"343","510", 3744, 3349, 3506, 3233, 3780, 7243, 7003
"344","511", 8777, 8262, 8469, 8313, 9255,14933,14377
"345","512", 9356, 9622, 9272, 9455, 9505,10133, 9259
"346","513", 7932, 8532, 7881, 7978, 8044, 6309, 5520
"347","514", 8323, 8942, 8439, 8630, 8676, 6442, 5337
"348","515", 3403, 3285, 3268, 3224, 3353, 3772, 3449
"349","516", 5230, 5442, 5087, 5201, 5318, 4850, 4520
"350","518", 3355, 3530, 3283, 3253, 3333, 2027, 1847
"351","519", 3591, 3777, 3354, 3659, 3630, 3326, 3332
"352","520", 3620, 3813, 3673, 3728, 3600, 3515, 3263
"353","521", 6374, 6529, 6210, 6178, 6427, 6827, 6112
"354","522",  911,  981,  981, 1041, 1006,  993,  840
"355","523",  531,  589,  589,  595,  556,  729,  653
"356","524", 1294, 1380, 1420, 1360, 1389, 1454, 1242
"357","525",10730,10284, 9928, 9939,10059,11698,11854
"358","526", 4031, 4355, 4193, 4244, 4150, 2701, 2360
"359","529", 5569, 5711, 5624, 5574, 5646, 3623, 3053
"360","530", 4089, 4341, 4073, 4175, 4102, 3414, 3001
"361","533", 1174, 1184, 1135, 1124, 1211, 1317, 1135
"362","534", 1486, 1516, 1499, 1478, 1469, 1763, 1772
"363","535", 2909, 2980, 2840, 2850, 2916, 3079, 2986
"364","536", 2946, 3122, 3025, 3016, 3187, 3012, 2669
"365","537", 5294, 5292, 5076, 5070, 5109, 5484, 5393
"366","538", 3419, 3922, 3737, 3729, 3749, 3272, 2862
"367","539", 4858, 4984, 4767, 4673, 4763, 4785, 4647
"368","540", 9402, 9665, 9569, 9680, 9633, 9382, 8198
"369","542", 5337, 4951, 4959, 4834, 5492, 6175, 5908
"370","543", 4316, 4062, 4086, 3964, 4366, 5140, 4672
"371","544", 2362, 2375, 2232, 2157, 2432, 3521, 3699
"372","546", 4748, 4855, 4888, 4573, 4756, 4637, 4176
"373","548", 6334, 6715, 6431, 6379, 6596, 7287, 6804
"374","549", 6289, 6510, 6252, 6277, 6370, 6532, 5850
"375","550", 4113, 4209, 3956, 4139, 4230, 2557, 2131
"376","551", 6486, 6928, 6670, 6613, 6749, 6746, 5758
"377","552", 2101, 1997, 1871, 2007, 2098, 2353, 2567
"378","553", 3094, 3332, 3042, 3316, 3268, 2940, 2766
"379","554",  830,  867,  855,  935,  864,  830,  616
"380","555", 2558, 2667, 2558, 2589, 2679, 2686, 2514
"381","556",  825,  806,  790,  767,  829, 1446, 1282
"382","557", 3691, 4176, 3875, 3942, 3999, 3007, 2681
"383","558", 5448, 5624, 5408, 5472, 5337, 4777, 4299
"384","559", 6578, 6688, 6453, 6493, 6864, 7664, 6935
"385","560", 4145, 4569, 4465, 4454, 4656, 3999, 3480
"386","561", 5212, 5177, 5012, 4828, 5218, 5798, 5254
"387","562", 3740, 3799, 3717, 3723, 3598, 3216, 2786
"388","563", 7352, 7749, 7264, 7563, 7664, 2170, 1699
"389","564",  442,  581,  499,  563,  504,  540,  498
"390","565",11104,11111,10724,10170,10940,13406,12915
"391","567",10622,11061,10470,10792,11081, 6832, 5463
"392","568", 8937, 9326, 8819, 8698, 9235, 8956, 7392
"393","569", 1176, 1340, 1169, 1248, 1327, 1273, 1205
"394","571", 7547, 7576, 7303, 7727, 7226, 5998, 5522
"395","572", 1910, 1870, 1838, 1945, 1948, 1996, 1975
"396","573", 6539, 7088, 6737, 6717, 6767, 6151, 5586
"397","574", 6053, 6376, 6270, 5981, 6234, 6635, 6208
"398","575", 1044, 1041, 1038,  992, 1015,  962, 1051
"399","576", 3510, 3622, 3685, 3495, 3672, 4001, 3488
"400","577", 5162, 5159, 5100, 4935, 5100, 5252, 4256
"401","578", 5760, 5944, 5593, 5726, 5588, 2589, 1996
"402","579", 4759, 4895, 4721, 4524, 4473, 4382, 3962
"403","580",  734,  798,  748,  731,  708,  775,  799
"404","581", 2339, 2556, 2447, 2568, 2460, 1915, 1801
"405","582", 4014, 4039, 3795, 4018, 3905, 3224, 3008
"406","583", 9688, 9576, 8855, 8796, 9088,11367,12395
"407","584", 8506, 8342, 8033, 8302, 8306, 7502, 7309
"408","585", 6359, 6712, 6329, 6309, 6620, 5933, 5316
"409","586", 2355, 2494, 2431, 2499, 2467, 2176, 1958
"410","587", 3716, 3868, 3597, 3684, 3731, 2882, 2396
"411","588", 4747, 4772, 4581, 4407, 4648, 6205, 5825
"412","589", 6076, 6637, 6109, 6055, 6489, 5117, 4202
"413","590",11786,12425,11865,11624,11747, 8347, 7246
"414","591", 2850, 3011, 2989, 3180, 2602, 1731, 1722
"415","592", 8677, 9312, 8710, 8673, 7862, 4450, 4056
"416","593", 3535, 4232, 4046, 3874, 4233, 4055, 3692
"417","594", 1559, 1636, 1667, 1592, 1662,  700,  576
"418","600", 1580, 1629, 1512, 1562, 1475, 1718, 1623
"419","601", 2673, 2757, 2691, 2625, 2724, 2239, 1869
"420","602", 7945, 8814, 8371, 8224, 8487, 8446, 7651
"421","603",   13,   12,    9,   13,    8,   19,   10
"422","604", 2068, 2215, 1936, 2042, 2001, 1989, 1891
"423","605", 3343, 3324, 2970, 3076, 3199, 2575, 2446
"424","606", 1604, 1716, 1685, 1685, 1582, 1534, 1480
"425","607", 2141, 2074, 2057, 2092, 2008, 1983, 1933
"426","608", 1288, 1522, 1352, 1389, 1350, 1105,  946
"427","609", 5871, 6045, 5609, 5504, 5479, 5283, 4962
"428","610", 2399, 2482, 2354, 2352, 2314, 2378, 2018
"429","612", 4704, 5032, 4636, 4751, 4839, 3798, 3217
"430","613", 5684, 5820, 5230, 5484, 5712, 4745, 4044
"431","614", 7363, 7936, 7365, 7471, 7440, 6586, 5542
"432","615", 3930, 4065, 3828, 3793, 3774, 3366, 3231
"433","616", 2613, 2636, 2458, 2540, 2546, 1872, 1824
"434","617", 3253, 3509, 3359, 3356, 3475, 3152, 2604
"435","621", 1506, 1510, 1573, 1521, 1580, 1550, 1260
"436","622", 3736, 4121, 3822, 3833, 3922, 3887, 3411
"437","623", 9813,10281, 9391, 9482, 9256, 8154, 7592
"438","624", 4739, 4911, 4659, 4664, 4799, 4640, 3707
"439","625", 4156, 4523, 4330, 4241, 4705, 4150, 3719
"440","626", 3084, 3197, 2993, 2988, 2975, 2759, 2357
"441","627", 3345, 3779, 3558, 3604, 3684, 3591, 3268
"442","628", 1174, 1226, 1194, 1182, 1153, 1281, 1050
"443","630", 5603, 5811, 5514, 5400, 5488, 4306, 3477
"444","631", 6938, 7153, 6786, 6798, 6862, 5724, 4563
"445","632",    0,    0,    4,    3,    7,    1,    0
"446","633", 6046, 6215, 5851, 5895, 6005, 6163, 5596
"447","634", 9759,10371, 9535, 9685, 9632, 9395, 9073
"448","635", 5606, 5494, 5321, 5241, 5383, 5284, 5026
"449","636", 2439, 2583, 2507, 2545, 2460, 1590, 1629
"450","637", 3552, 3867, 3595, 3529, 3510, 3179, 3000
"451","638", 3554, 3823, 3488, 3660, 3296, 2072, 1712
"452","639", 6441, 6277, 5939, 6129, 6051, 5943, 5524
"453","640", 2266, 2382, 2344, 2319, 2353, 2107, 1774
"454","641", 6195, 6107, 5883, 5729, 6066, 6451, 4855
"455","642", 3732, 4056, 3836, 3807, 3882, 3569, 2992
"456","643", 3325, 3752, 3518, 3323, 3410, 3072, 3057
"457","646", 4772, 5557, 5276, 5242, 5424, 4485, 3900
"458","647", 1566, 1545, 1448, 1444, 1502, 1441, 1365
"459","648", 3914, 4305, 4158, 3981, 4158, 3791, 3132
"460","650", 4536, 4875, 4680, 4452, 4454, 4695, 4677
"461","651", 2009, 2117, 2139, 2029, 2130, 1987, 1753
"462","652",  612,  602,  622,  631,  585,  595,  516
"463","654",  782,  861,  825,  808,  839,  890,  812
"464","656",  794,  941,  848,  817,  906,  748,  668
"465","657", 1360, 1630, 1495, 1518, 1461, 1534, 1127
"466","658", 1250, 1333, 1240, 1273, 1220, 1189, 1001
"467","659", 2054, 2123, 2008, 1910, 2008, 1692, 1503
"468","660", 2219, 2246, 2141, 2080, 2119, 1679, 1355
"469","661", 2301, 2487, 2223, 2298, 2193, 1788, 1872
"470","663", 1687, 1834, 1650, 1523, 1621, 1446, 1351
"471","664",   16,   20,   15,   23,   23,   11,    3
"472","700", 5645, 6244, 5749, 5713, 6017, 6300, 5728
"473","701", 2082, 2238, 2212, 2178, 2336, 2121, 1921
"474","702", 2339, 2346, 2351, 2313, 2455, 2274, 1976
"475","703",11278,11452,11116,10881,11615,12195,11223
"476","704", 7017, 7261, 6911, 6870, 7340, 6639, 5527
"477","706", 3107, 3172, 3126, 3109, 3276, 3180, 2721
"478","707", 1441, 1555, 1437, 1446, 1514, 1322, 1305
"479","708", 5767, 6000, 5699, 5797, 5940, 5371, 5172
"480","709", 1022, 1106, 1074, 1065, 1163,  936,  684
"481","710", 1395, 1450, 1440, 1423, 1554, 1451, 1409
"482","711", 1349, 1364, 1248, 1305, 1371, 1286, 1204
"483","712", 1680, 1745, 1631, 1696, 1733, 1682, 1426
"484","713", 1331, 1435, 1355, 1354, 1417, 1377, 1295
"485","714", 1458, 1572, 1597, 1535, 1540, 1422, 1161
"486","716", 6421, 6425, 6253, 6225, 6427, 5676, 5031
"487","719", 3584, 3696, 3302, 3393, 3609, 3479, 3204
"488","720", 1244, 1363, 1272, 1281, 1289, 1107, 1161
"489","722", 2862, 2869, 2969, 2880, 3043, 2956, 2578
"490","723", 5555, 6086, 5800, 5702, 6142, 4221, 3674
"491","724",  417,  469,  419,  457,  446,  519,  458
"492","725", 1191, 1257, 1242, 1239, 1305, 1153, 1145
"493","726", 2528, 2941, 2904, 2599, 2912, 2890, 2583
"494","729", 2541, 2787, 2633, 2605, 2640, 2764, 2517
"495","731", 3513, 3773, 3817, 3602, 3722, 4204, 4267
"496","732", 1140, 1270, 1200, 1106, 1213, 1208, 1111
"497","733", 1046, 1133, 1157, 1023, 1197, 1145,  958
"498","734", 1781, 1929, 1982, 1916, 2032, 1883, 1664
"499","735", 2403, 2731, 2717, 2637, 2693, 2712, 2373
"500","736", 1396, 1609, 1583, 1517, 1622, 1584, 1380
"501","737", 1278, 1217, 1165, 1261, 1273, 1145,  943
"502","739", 1665, 1846, 1737, 1706, 1830, 1520, 1356
"503","740", 1156, 1273, 1314, 1339, 1323, 1327, 1204
"504","741",  472,  498,  441,  436,  467,  323,  298
"505","742", 1494, 1645, 1589, 1548, 1635, 1674, 1406
"506","743",  919, 1002,  947,  984,  964,  948,  766
"507","744", 3249, 3357, 3219, 2940, 3348, 3094, 2957
"508","745", 1174, 1270, 1151, 1145, 1173, 1107,  901
"509","746", 3240, 3158, 3018, 3021, 3267, 3304, 2798
"510","747", 2304, 2274, 2253, 1920, 2176, 2275, 2211
"511","748",  588,  551,  558,  548,  512,  676,  515
"512","749", 1701, 1760, 1645, 1556, 1665, 1518, 1464
"513","750",  810,  961,  819,  893,  939,  977,  840
"514","752", 1278, 1607, 1611, 1545, 1611, 1478, 1341
"515","754", 1306, 1421, 1462, 1374, 1495, 1484, 1186
"516","755", 2092, 2216, 2042, 2032, 2141, 2310, 1983
"517","756", 1931, 2119, 1953, 1928, 2110, 2394, 2444
"518","757",  411,  439,  454,  487,  458,  525,  499
"519","758", 1467, 1716, 1571, 1579, 1576, 1662, 1455
"520","759",  575,  727,  629,  688,  704,  490,  476
"521","760",  485,  545,  488,  505,  491,  447,  358
"522","762", 1417, 1293, 1271, 1199, 1284, 1401, 1463
"523","763",  657,  677,  672,  664,  723,  733,  607
"524","764", 2308, 2212, 2131, 1982, 2183, 2251, 2047
"525","765", 1564, 1692, 1441, 1610, 1811, 1906, 1724
"526","766", 1024,  995,  901,  952, 1055, 1173, 1240
"527","800", 4578, 4623, 4380, 4388, 4582, 4384, 3585
"528","802", 1830, 1862, 1741, 1904, 2018, 2392, 2343
"529","803", 1287, 1263, 1264, 1178, 1344, 1248, 1272
"530","805", 3335, 3457, 3345, 3211, 3542, 3888, 3204
"531","806", 3661, 3748, 3740, 3712, 3820, 3678, 2989
"532","807", 3263, 3200, 3220, 3241, 3413, 2688, 2253
"533","808", 1148, 1155, 1176, 1086, 1301, 1563, 1467
"534","809", 3480, 3538, 3509, 3412, 3477, 4360, 4097
"535","810", 1769, 1777, 1833, 1851, 1873, 2422, 2320
"536","811", 3274, 3301, 3149, 3083, 3517, 5228, 4789
"537","812", 1613, 1750, 1897, 1699, 1854, 2528, 2185
"538","813", 3259, 3329, 3286, 3209, 3479, 3622, 3302
"539","815", 3547, 3909, 3775, 3640, 4096, 5739, 5790
"540","816", 9317, 9045, 9482, 9018, 9858,11508,10239
"541","817", 2202, 2232, 2186, 2092, 2283, 2432, 2031
"542","818", 4871, 5023, 5135, 4863, 5152, 4803, 4629
"543","819", 3582, 3663, 3525, 3631, 3669, 3624, 3317
"544","820", 2947, 3064, 3083, 2918, 3096, 2670, 2243
"545","822", 1851, 1785, 1866, 1785, 2032, 2576, 2372
"546","823", 1412, 1434, 1383, 1414, 1462, 1297, 1217
"547","825", 6996, 6785, 6736, 6489, 7666,10837, 9387
"548","826", 3410, 3579, 3469, 3466, 3675, 3204, 2790
"549","827", 1092, 1014, 1002,  938, 1039,  511,  480
"550","828", 1892, 1931, 1795, 1840, 1852, 2035, 1848
"551","829", 5045, 5182, 5068, 4566, 5148, 6376, 6096
"552","830", 1139, 1342, 1281, 1152, 1280, 1400, 1199
"553","831", 1472, 1552, 1463, 1545, 1651, 2236, 2324
"554","832", 3807, 3982, 3856, 3614, 4028, 5487, 4731
"555","834", 3323, 3338, 3243, 3233, 3467, 3307, 3021
"556","835", 1773, 1883, 1780, 1712, 1822, 1712, 1472
"557","836", 1829, 1959, 1806, 1835, 1968, 2054, 1923
"558","837", 3226, 3386, 3291, 2971, 3266, 4193, 4190
"559","838", 2036, 2164, 2084, 1974, 2133, 1945, 1889
"560","839",  832,  875,  794,  826,  836,  846,  876
"561","840",  669,  691,  684,  615,  656,  779,  675
"562","841", 2524, 2574, 2447, 2337, 2608, 2583, 2500
"563","843", 1163, 1113, 1072, 1076, 1360, 1872, 1740
"564","844", 1093, 1136, 1044,  996, 1099, 1209,  921
"565","845", 1233, 1291, 1241, 1256, 1109,  740,  617
"566","846", 1065, 1072, 1018,  982, 1046,  970,  981
"567","900", 2849, 2879, 2768, 2843, 2846, 2329, 1986
"568","901", 3458, 3619, 3429, 3252, 3440, 3288, 2651
"569","902",  983, 1098, 1018, 1042,  923, 1074, 1013
"570","903", 1677, 1865, 1675, 1773, 1812, 1816, 1573
"571","904", 1889, 1959, 1917, 1925, 2015, 2176, 1979
"572","905", 5065, 5192, 5055, 5122, 5201, 5806, 5313
"573","906", 6397, 6988, 6724, 6829, 6656, 7719, 7012
"574","907",12860,13058,12533,12414,12721,14782,14204
"575","908", 2528, 2734, 2643, 2565, 2559, 2857, 2503
"576","909", 1937, 2070, 1964, 1858, 1940, 1614, 1330
"577","911", 4909, 5347, 5012, 5115, 5149, 5610, 4623
"578","912", 5378, 5888, 5345, 5604, 5507, 5652, 4775
"579","913", 7988, 7847, 7451, 7516, 7800, 9003, 6370
"580","914", 8155, 8372, 8138, 7780, 8268, 9843, 9024
"581","915", 3882, 4101, 3890, 3972, 3849, 4538, 3937
"582","916", 3075, 3184, 3155, 3108, 3245, 3006, 2537
"583","917", 4314, 4371, 4277, 4264, 4269, 3597, 2915
"584","918",   20,   16,   17,   27,   26,   35,   28
"585","919", 1874, 1968, 1841, 1973, 1972, 1677, 1569
"586","921", 1722, 1675, 1607, 1636, 1745, 1828, 1760
"587","922", 1758, 1790, 1802, 1792, 1848, 2031, 1878
"588","923", 1890, 2003, 1920, 2094, 1989, 1842, 1597
"589","924",  933, 1022,  898,  921,  930, 1102, 1064
"590","925", 1687, 1871, 1640, 1783, 1701, 1696, 1460
"591","926", 4425, 4602, 4443, 4440, 4759, 4980, 4465
"592","927", 1714, 1891, 1827, 1799, 1823, 1994, 1875
"593","928",  554,  654,  662,  571,  562, 1071, 1193
"594","929",   19,   13,   17,   23,   26,   23,   18
"595","930", 1603, 1810, 1690, 1709, 1783, 1894, 1688
"596","931", 5987, 6277, 6215, 6115, 6396, 6061, 5230
"597","932", 2472, 2784, 2521, 2728, 2662, 3074, 2754
"598","933", 3479, 3755, 3726, 3779, 3814, 3960, 3393
"599","934", 1910, 2121, 1863, 1963, 1971, 2164, 1844
"600","935",  960, 1078, 1083,  983, 1051, 1102, 1030
"601","937",  107,  137,  140,  132,  167,  214,  278
"602","938",  198,  239,  189,  227,  209,  268,  421
"603","939", 1544, 1489, 1391, 1430, 1408, 1237, 1073
"604","941", 1677, 1668, 1595, 1606, 1423, 1577, 1515
"605","942",  847,  942,  910,  889,  970,  839,  781
"606","943", 3302, 3414, 2855, 3245, 3201, 2344, 1901
"607","945", 1212, 1276, 1220, 1223, 1254, 1104, 1119
"608","946", 1251, 1290, 1294, 1255, 1289, 1321, 1045
"609","947", 1171, 1197, 1186, 1222, 1212, 1241, 1062
"610","948", 1509, 1489, 1371, 1428, 1480, 1220, 1069
"611","949", 1095, 1109, 1025, 1086, 1062, 1103, 1040
"612","950", 2274, 2392, 2218, 2243, 2392, 2565, 2028
"613","951", 2073, 2391, 2230, 2189, 2318, 2578, 2009
"614","952",  684,  794,  774,  726,  819,  652,  618
"615","953",  948, 1020,  995,  901,  968, 1094,  943
"616","954",  977, 1080,  993, 1024, 1097, 1233, 1162
"617","956", 2873, 2941, 2875, 2883, 2898, 2987, 2602
"618","958", 1467, 1610, 1423, 1505, 1602, 1469, 1277
"619","959",  286,  345,  353,  317,  319,  305,  276
"620","960",  901,  945,  837,  827,  851,  754,  564
"621","961", 1124, 1165, 1166, 1075, 1136, 1130,  965
"622","962",  961,  876,  914,  893,  921, 1071, 1078
"623","963",  862,  956,  826,  796,  827,  872,  843
"624","964",  890,  964,  945,  969,  986,  865,  793
"625","965",  830,  908,  774,  816,  929,  731,  622
"626","966",  510,  582,  539,  498,  512,  351,  225
"627","967",  650,  723,  637,  672,  664,  546,  482
"628","968",  259,  325,  273,  256,  287,  273,  251
"629","969",  248,  286,  269,  247,  274,  213,  190
"630","971",  559,  674,  585,  567,  607,  616,  527
"631","972",  726,  723,  602,  556,  623,  449,  419
"632","1001", 4978, 5169, 4888, 4830, 5110, 5765, 5397
"633","1002", 3310, 3418, 3119, 3038, 3065, 3901, 3841
"634","1003", 2746, 2124, 2730, 2711, 2669, 2593, 2399
"635","1004", 2883, 3125, 2985, 2855, 3088, 3474, 3212
"636","1006", 2017, 2165, 2148, 2043, 2023, 2155, 2022
"637","1007",  301,  297,  308,  254,  283,  466,  513
"638","1008", 5675, 6075, 5826, 5723, 6019, 6422, 5881
"639","1009", 7098, 7546, 7302, 7096, 7984, 9002, 7832
"640","1010", 5224, 6053, 5822, 5653, 5933, 5970, 4938
"641","1011", 6914, 7759, 7297, 7208, 7210, 7175, 6300
"642","1012", 3099, 3229, 3075, 3021, 3127, 3144, 2858
"643","1013", 3783, 4126, 3872, 4074, 4144, 3585, 3100
"644","1014", 2523, 2865, 2648, 2711, 2803, 3016, 2704
"645","1015", 2166, 2460, 2382, 2231, 2466, 2942, 2793
"646","1016", 1678, 1631, 1554, 1503, 1617, 1548, 1399
"647","1017", 3906, 4040, 3836, 3853, 3930, 4032, 3942
"648","1018", 2355, 2515, 2396, 2309, 2443, 2755, 2723
"649","1019", 7214, 7418, 7092, 6970, 7251, 6353, 6152
"650","1020", 6778, 7063, 6771, 6463, 6811, 5302, 5016
"651","1021", 2568, 2731, 2664, 2521, 2571, 2814, 2553
"652","1022", 3546, 3620, 3661, 3391, 3597, 3657, 3501
"653","1023", 2857, 2882, 2730, 2701, 2613, 1412, 1337
"654","1024", 3416, 3571, 3401, 3328, 3540, 3032, 2759
"655","1025",  858,  948,  844,  836,  863,  794,  710
"656","1026", 1152, 1339, 1200, 1152, 1200, 1382, 1121
"657","1027", 1648, 1817, 1740, 1612, 1790, 1825, 1689
"658","1028", 2161, 2142, 2045, 2108, 2241, 2223, 1918
"659","1029", 3904, 4139, 4006, 4038, 4323, 4868, 4352
"660","1030", 2366, 2638, 2426, 2422, 2473, 2810, 2838
"661","1031",  732,  866,  758,  731,  849,  798,  887
"662","1032",  870,  905,  863,  842,  898,  768,  770
"663","1033", 1619, 1842, 1803, 1686, 1739, 1806, 1569
"664","1034",  764,  817,  845,  681,  759,  917,  888
"665","1035", 3759, 3902, 3779, 3623, 3698, 4172, 3642
"666","1036", 1848, 1935, 1892, 1837, 2007, 2155, 1855
"667","1037",  379,  428,  444,  397,  406,  496,  460
"668","1038",  393,  392,  340,  356,  383,  371,  504
"669","1039",  372,  383,  383,  359,  431,  426,  365
"670","1040",   58,   62,   65,   41,   54,   52,   52
"671","1041", 1383, 1559, 1485, 1461, 1550, 1611, 1437
"672","1042",  735,  937,  814,  866,  921, 1079,  900
"673","1044", 6090, 6642, 6198, 6119, 6316, 7088, 6463
"674","1047", 3019, 3259, 3023, 2939, 3166, 3111, 2823
"675","1048", 2892, 3286, 3027, 2958, 3106, 2794, 2659
"676","1049", 1002, 1070, 1071, 1048, 1138, 1189, 1016
"677","1050", 6552, 6904, 6581, 6545, 6688, 6677, 6430
"678","1051", 1948, 2269, 2170, 2134, 2196, 2321, 1950
"679","1052",  458,  595,  451,  457,  462,  365,  298
"680","1053",  433,  452,  425,  440,  416,  524,  342
"681","1054",  206,  210,  227,  223,  217,  219,  233
"682","1056",  447,  477,  505,  453,  456,  505,  522
"683","1057",  717,  732,  697,  678,  677,  469,  428
"684","1058",  377,  396,  369,  369,  390,  288,  216
"685","1059", 2013, 2146, 2065, 1960, 2046, 2158, 2109
"686","1060", 1025, 1182, 1199, 1128, 1138, 1171, 1063
"687","1061", 1360, 1535, 1414, 1534, 1476, 1564, 1275
"688","1062",  429,  534,  443,  505,  450,  326,  324
"689","1101",  306,  362,  347,  339,  372,  365,  379
"690","1102", 2681, 2732, 2623, 2731, 2831, 2812, 2513
"691","1103", 2398, 2575, 2418, 2329, 2502, 2784, 2470
"692","1105",  588,  564,  606,  491,  595,  882, 1037
"693","1106", 2792, 2821, 2839, 2820, 2814, 2979, 2640
"694","1108", 1545, 1601, 1432, 1489, 1556, 1645, 1598
"695","1109", 1210, 1270, 1108, 1184, 1233, 1419, 1369
"696","1110", 1268, 1403, 1366, 1390, 1416, 1255, 1141
"697","1111", 2428, 2565, 2468, 2355, 2439, 2870, 2909
"698","1112", 7020, 7114, 6787, 6828, 7127, 7179, 6890
"699","1113", 2513, 2641, 2536, 2585, 2567, 2730, 2706
"700","1114",  652,  693,  485,  599,  502,  412,  430
"701","1115", 2636, 2791, 2709, 2610, 2687, 2714, 2417
"702","1117", 5026, 5189, 4817, 4955, 5174, 4213, 3601
"703","1118", 6613, 7043, 6291, 6388, 6534, 6166, 5510
"704","1119", 4012, 4214, 4095, 3966, 4240, 3748, 3622
"705","1120", 4240, 4597, 4228, 4247, 4385, 4653, 4526
"706","1121", 3031, 4108, 3811, 3792, 3958, 3707, 3518
"707","1122", 4957, 4992, 4639, 4481, 4876, 5950, 6427
"708","1123", 1674, 1882, 1873, 1733, 1807, 2379, 2639
"709","1124", 6269, 6569, 6308, 6221, 6677, 6764, 6148
"710","1125", 3672, 3917, 3648, 3740, 3881, 3701, 3160
"711","1126", 3462, 3468, 3383, 3320, 3626, 3264, 3083
"712","1127", 2948, 3275, 3108, 3005, 3057, 2989, 2803
"713","1128", 1859, 1990, 2011, 1964, 2057, 2025, 1720
"714","1129", 3195, 3334, 3069, 2974, 3168, 3191, 2515
"715","1130", 1268, 1328, 1331, 1324, 1364, 1417, 1255
"716","1131", 3650, 4091, 3962, 3931, 4188, 3908, 3464
"717","1132", 3509, 3813, 3597, 3507, 3531, 3342, 2921
"718","1135", 2921, 3034, 3181, 2942, 3186, 2933, 2400
"719","1136", 1432, 1450, 1399, 1437, 1478, 1402, 1193
"720","1137", 1087, 1087, 1060,  973, 1038,  907,  738
"721","1139", 2403, 2770, 2788, 2605, 2799, 2494, 2257
"722","1140", 2546, 2861, 2823, 2764, 2983, 2798, 2326
"723","1141", 2723, 3145, 2871, 2937, 3117, 3158, 3006
"724","1145", 1632, 1847, 1722, 1852, 1758, 2017, 1792
"725","1146", 2126, 2297, 2258, 2153, 2304, 2247, 2295
"726","1148", 1503, 1723, 1726, 1672, 1641, 1590, 1403
"727","1149", 5365, 5503, 5245, 5408, 5530, 5304, 4557
"728","1150", 3710, 3757, 3692, 3647, 3696, 3613, 3558
"729","1151", 2655, 2672, 2556, 2590, 2705, 1843, 1468
"730","1152", 3093, 3281, 3293, 3163, 3230, 2459, 2179
"731","1153", 7835, 8327, 8105, 8152, 8704, 8381, 7331
"732","1155", 2821, 3074, 2892, 2915, 2949, 3229, 2991
"733","1157", 2950, 3265, 3141, 3035, 3217, 2978, 2742
"734","1158", 8611, 8876, 8504, 8474, 8657, 8873, 8142
"735","1159", 2743, 2936, 2658, 2747, 2733, 2189, 1881
"736","1160", 8976, 9222, 8579, 8787, 8871, 7882, 7291
"737","1161",  778,  757,  712,  780,  820,  666,  477
"738","1162", 2034, 2284, 2227, 2152, 2431, 1775, 1502
"739","1163", 1585, 1766, 1630, 1641, 1721, 1646, 1386
"740","1165", 1170, 1208, 1170, 1234, 1257, 1137, 1022
"741","1166", 4221, 5333, 5113, 5040, 5031, 4402, 4097
"742","1167", 4203, 4673, 4602, 4512, 4724, 4374, 4133
"743","1168", 2000, 2355, 2216, 2145, 2158, 1977, 1656
"744","1169", 2153, 2195, 2047, 2012, 2132, 1903, 1791
"745","1170", 1247, 1283, 1282, 1274, 1342, 1326, 1030
"746","1171", 1768, 1860, 1875, 1809, 1892, 1863, 1797
"747","1172", 1605, 1719, 1558, 1517, 1574, 1244, 1065
"748","1173", 3211, 3451, 3412, 3351, 3581, 3785, 3398
"749","1174", 1306, 1386, 1408, 1246, 1499, 1189,  973
"750","1175", 1136, 1177, 1261, 1131, 1235, 1004,  928
"751","1177", 1363, 1580, 1458, 1493, 1612, 1306, 1049
"752","1178", 1115, 1142, 1109, 1127, 1045, 1138, 1001
"753","1180", 1377, 1411, 1315, 1291, 1312, 1216, 1037
"754","1181",  483,  476,  431,  443,  410,  163,  121
"755","1182", 2982, 2990, 2776, 2662, 2924, 2295, 1780
"756","1183",  394,  434,  366,  433,  333,  237,  274
"757","1184", 1673, 1907, 1747, 1788, 1826, 1687, 1398
"758","1185", 1721, 1928, 1777, 1793, 1877, 1731, 1462
"759","1186",  778,  801,  689,  847,  751,  544,  534
"760","1187",  454,  487,  447,  425,  471,  426,  328
"761","1188",  714,  771,  657,  683,  618,  328,  361
"762","1190",  942,  962,  779,  879,  880,  613,  573
"763","1191", 2504, 2549, 2383, 2454, 2547, 2066, 2011
"764","1192", 1561, 1568, 1425, 1637, 1519, 1565, 1297
"765","1193", 2357, 2574, 2456, 2484, 2693, 1892, 1603
"766","1194", 1328, 1293, 1304, 1351, 1222,  532,  549
"767","1195", 2701, 2953, 2749, 2820, 2866,  836,  810
"768","1196",  920, 1090,  898,  908,  927,  869,  942
"769","1197", 3639, 3931, 3662, 3762, 3862, 3356, 3314
"770","1198", 1394, 1534, 1370, 1464, 1561,  771,  569
"771","1199", 1177, 1403, 1267, 1293, 1349, 1262, 1041
"772","1200",  269,  288,  262,  246,  262,  253,  205
"773","1201", 5018, 5605, 5339, 5386, 5464, 4925, 4358
"774","1203", 5361, 5475, 5223, 5125, 5183, 4561, 4138
"775","1204", 2133, 2331, 2156, 2150, 2167, 2212, 1908
"776","1205", 3272, 3810, 3725, 3543, 3927, 3939, 3732
"777","1206", 5076, 5215, 5213, 4840, 5416, 5662, 4906
"778","1207", 1592, 1789, 1681, 1611, 1689, 1828, 1688
"779","1208", 4447, 4585, 4402, 4360, 4501, 4725, 4388
"780","1209", 9986,10178, 9791, 9464, 9925,10088, 9380
"781","1210",16160,16616,16372,15613,18066,20348,18857
"782","1211", 7623, 8237, 8058, 7864, 8478, 9076, 8825
"783","1212", 6119, 6584, 6251, 6216, 6440, 6262, 5948
"784","1213", 2773, 2989, 2891, 2889, 2869, 2701, 2531
"785","1214", 3270, 3255, 3099, 3181, 3205, 2583, 2414
"786","1215", 5639, 5760, 5696, 5313, 5635, 7827, 7783
"787","1217", 2396, 2548, 2297, 2460, 2413, 2492, 2343
"788","1218", 4646, 4840, 4704, 4576, 4768, 4951, 4606
"789","1220", 4373, 4762, 4805, 4520, 4834, 4620, 3914
"790","1221", 4544, 5182, 4626, 4588, 4714, 4881, 4368
"791","1222", 9858,10248, 9941, 9762,10694,13905,12697
"792","1224", 4624, 4842, 4506, 4416, 4803, 5481, 5147
"793","1226", 4332, 4416, 4187, 4202, 4459, 4755, 4103
"794","1227", 2174, 2336, 2330, 2226, 2307, 2001, 1754
"795","1228", 2269, 2492, 2333, 2324, 2379, 2372, 2192
"796","1229", 1806, 1948, 1806, 1731, 1840, 1299, 1094
"797","1230", 2106, 2143, 2253, 2073, 2210, 2542, 2400
"798","1231", 6373, 6568, 6290, 5921, 6697, 8234, 7673
"799","1232", 3814, 3836, 3602, 3629, 3948, 4823, 4645
"800","1233", 2477, 2595, 2462, 2562, 2647, 2827, 2781
"801","1234",    0,    0,    0,    1,    0,    0,    0
"802","1235", 4315, 4560, 4354, 4247, 4644, 4998, 4951
"803","1239", 1093, 1176,  991, 1005, 1074,  795,  717
"804","1240", 1357, 1306, 1252, 1208, 1365, 1385, 1501
"805","1241", 1282, 1280, 1141, 1075, 1145, 1357, 1487
"806","1242",  563,  590,  515,  546,  551,  378,  489
"807","1243", 6737, 7354, 6715, 6825, 6933, 3957, 3439
"808","1244", 5238, 5573, 5096, 5092, 5330, 5823, 6119
"809","1245", 4094, 4283, 4114, 4066, 4319, 4611, 4521
"810","1246", 3618, 3895, 3818, 3753, 3684, 3074, 2982
"811","1247", 2745, 2807, 2567, 2529, 2611, 2765, 2809
"812","1248", 4804, 4991, 4899, 4210, 4525, 4687, 4497
"813","1249", 2723, 2928, 2771, 2656, 2818, 2683, 2483
"814","1250", 1022,  949,  877,  854,  867,  681,  653
"815","1251", 6410, 6401, 6222, 6044, 6311, 6392, 5839
"816","1253", 1763, 1768, 1620, 1565, 1698, 1396, 1180
"817","1256", 2164, 2243, 2065, 2057, 2187, 2136, 2090
"818","1257", 3227, 3192, 3086, 2851, 3158, 3049, 2513
"819","1258", 1346, 1424, 1433, 1283, 1447, 1452, 1298
"820","1259", 3780, 3930, 3682, 3700, 3771, 3693, 3479
"821","1260", 3231, 3498, 3124, 2877, 3367, 3274, 3012
"822","1261",   21,   12,   15,   17,   16,   14,   15
"823","1262", 3483, 3724, 3571, 3504, 3706, 3403, 3183
"824","1263",  648,  692,  702,  633,  653,  586,  526
"825","1264", 3947, 4234, 3894, 3820, 3976, 3859, 3476
"826","1265", 4393, 4489, 4457, 4233, 4346, 3756, 3400
"827","1266",  949, 1069,  935,  996, 1046, 1174, 1009
"828","1267", 2834, 3199, 2985, 2738, 2802, 3880, 4338
"829","1268", 7161, 7336, 7083, 6301, 7307,10511,11349
"830","1269", 3061, 3334, 3074, 3057, 3075, 3533, 3316
"831","1271", 3329, 2459, 3110, 2857, 3046, 3112, 2831
"832","1274", 1813, 1999, 1876, 1814, 1839, 1861, 1725
"833","1275",  966,  994,  943,  942,  959,  871,  823
"834","1277", 2024, 2250, 2265, 2007, 2172, 2121, 2033
"835","1278", 4443, 4946, 4754, 4711, 5080, 5205, 4811
"836","1279",  930, 1077, 1000,  981, 1080, 1109,  970
"837","1280", 1153, 1233, 1184, 1197, 1185, 1219, 1132
"838","1282", 2409, 2667, 2479, 2460, 2487, 2463, 2481
"839","1283",  956, 1058,  948,  951,  975,  914,  853
"840","1285", 1069, 1314, 1344, 1281, 1384, 1403, 1333
"841","1286", 2161, 2484, 2611, 2454, 2332, 2582, 2417
"842","1287",  790, 1085, 1003,  994,  991,  978,  925
"843","1288", 3961, 4090, 3986, 3854, 3959, 3445, 3372
"844","1289", 1478, 1507, 1512, 1474, 1518, 1538, 1549
"845","1290",  931, 1213, 1167, 1192, 1148, 1096,  876
"846","1291", 1976, 2271, 2214, 1981, 2005, 1826, 2146
"847","1293", 3500, 3686, 3579, 3365, 3459, 3646, 3530
"848","1295", 5810, 6143, 6069, 5537, 6027, 6355, 6226
"849","1296", 1078, 1098, 1125, 1035, 1071, 1131, 1201
"850","1297", 2639, 2813, 2720, 2440, 2652, 3088, 3264
"851","1299",  955, 1072, 1154,  979,  960,  845,  978
"852","1300",  633,  709,  678,  684,  689,  642,  613
"853","1302", 2053, 2222, 2087, 2097, 2066, 2123, 1715
"854","1303", 3462, 3859, 3617, 3622, 3831, 3332, 2858
"855","1304",  813,  877,  803,  815,  859,  866,  699
"856","1305", 3037, 3263, 2977, 3025, 3146, 3086, 2891
"857","1306", 4513, 5080, 4631, 4338, 4478, 4478, 4134
"858","1308",13897,14319,13657,13923,14060,12519,11960
"859","1313", 1201, 1376, 1373, 1320, 1297, 1301, 1371
"860","1314",  817,  955,  886,  912,  905,  902,  840
"861","1315", 1517, 1428, 1367, 1413, 1306, 1093, 1108
"862","1316", 1505, 1586, 1421, 1435, 1387,  987,  863
"863","1317",  164,  213,  196,  183,  170,  198,  176
"864","1318", 2797, 2981, 2870, 2909, 2785, 2764, 2470
"865","1319", 3976, 4458, 4020, 4056, 4079, 4333, 3993
"866","1320", 3204, 3636, 3328, 3329, 3384, 3029, 2693
"867","1321", 5117, 5525, 4913, 4984, 5029, 4489, 4491
"868","1322", 1981, 2277, 2188, 2107, 2078, 1964, 1886
"869","1323", 2090, 2254, 2027, 2054, 2082, 2261, 2043
"870","1325", 1451, 1548, 1448, 1498, 1410, 1054,  883
"871","1326", 1745, 1813, 1769, 1856, 1807, 1635, 1547
"872","1327", 1743, 1911, 1694, 1991, 1728, 1549, 1469
"873","1328", 4806, 5113, 4991, 4871, 4776, 4122, 3971
"874","1332", 3176, 3442, 3382, 3170, 3295, 3489, 3223
"875","1333", 2750, 3019, 2786, 2671, 2698, 2736, 2595
"876","1334", 1550, 1523, 1451, 1472, 1385, 1279, 1187
"877","1336", 3167, 3416, 3217, 3263, 3392, 3462, 3232
"878","1337", 5901, 6076, 5862, 5667, 5910, 6419, 6624
"879","1338", 2785, 2962, 2690, 2748, 2834, 2744, 2411
"880","1339", 1917, 2053, 1994, 1932, 2035, 2123, 1827
"881","1340",  704,  784,  719,  725,  761,  697,  653
"882","1342",  700,  727,  728,  670,  755,  728,  535
"883","1343", 1603, 1670, 1618, 1711, 1564, 1459, 1358
"884","1344", 1342, 1596, 1554, 1511, 1485, 1398, 1364
"885","1346", 1677, 2057, 1927, 1952, 1980, 1847, 1531
"886","1347",  963,  923,  957,  868, 1045,  811,  797
"887","1348", 1159, 1294, 1198, 1246, 1173,  939,  892
"888","1349",  703,  814,  750,  724,  745,  756,  782
"889","1351", 3795, 3971, 3751, 3623, 3781, 3363, 3349
"890","1352",  828,  889,  904,  887,  919,  894,  839
"891","1353",  516,  608,  540,  525,  544,  541,  547
"892","1354", 4220, 4497, 4145, 3992, 3863, 2982, 2796
"893","1355", 3929, 4246, 3754, 3884, 4141, 4600, 4701
"894","1357",  902, 1062, 1071, 1058, 1059, 1111,  928
"895","1358",  983, 1074,  981, 1023,  971, 1017,  881
"896","1359", 1168, 1192, 1203, 1086, 1157, 1459, 1389
"897","1360",  678,  785,  821,  740,  833,  741,  706
"898","1361", 2131, 2310, 2213, 2171, 2215, 2057, 1815
"899","1362", 1524, 1629, 1517, 1500, 1568, 1538, 1402
"900","1363", 2037, 2276, 2029, 2058, 2114, 1945, 1861
"901","1364",  768,  930,  854,  873,  806,  689,  731
"902","1365",  350,  441,  327,  419,  352,  334,  259
"903","1366",  373,  420,  387,  379,  384,  365,  375
"904","1367",  496,  563,  531,  510,  512,  510,  428
"905","1368", 1563, 1498, 1504, 1452, 1474, 1129, 1119
"906","1369", 1203, 1311, 1253, 1121, 1213, 1345, 1113
"907","1370",  575,  636,  596,  521,  566,  462,  412
"908","1372", 3343, 3488, 2966, 3119, 3219, 2493, 2478
"909","1373",  971, 1026,  868,  845,  878,  863,  697
"910","1375", 1266, 1483, 1240, 1328, 1376, 1285, 1023
"911","1376",  308,  312,  258,  258,  301,   65,   63
"912","1377",  311,  317,  258,  305,  266,   93,   93
"913","1401", 3263, 3523, 3306, 3335, 3518, 3830, 3550
"914","1402", 1765, 2077, 1945, 1853, 2031, 1996, 1833
"915","1403", 5647, 5929, 5630, 5624, 5762, 6123, 5619
"916","1404", 2871, 3044, 2923, 2826, 3039, 2350, 2007
"917","1405", 3707, 3884, 3802, 3803, 3790, 3916, 3595
"918","1406",  433,  480,  410,  456,  437,  486,  428
"919","1407", 2094, 2170, 1951, 2071, 2223, 2125, 2015
"920","1408", 2714, 2888, 2676, 2515, 2639, 2991, 2734
"921","1410",  843,  877,  817,  812,  771,  740,  781
"922","1411", 1400, 1544, 1438, 1405, 1467, 1477, 1239
"923","1412", 1248, 1195, 1161, 1244, 1232, 1339, 1305
"924","1413", 1815, 2112, 1955, 1922, 2001, 1980, 2050
"925","1414", 3386, 3733, 3420, 3290, 3499, 3626, 3268
"926","1416", 1929, 1924, 1959, 2006, 2086, 2004, 1765
"927","1418", 1147, 1179, 1078, 1045, 1100,  839,  883
"928","1420", 1268, 1364, 1354, 1302, 1387, 1242, 1176
"929","1421",  757,  846,  833,  785,  787,  652,  513
"930","1422",  584,  634,  659,  577,  657,  483,  471
"931","1424",  370,  387,  380,  385,  394,  368,  301
"932","1425", 1543, 1622, 1459, 1486, 1457, 1214, 1146
"933","1426",  890, 1035,  925,  888,  960, 1110,  973
"934","1427",  952, 1106,  934, 1002,  944,  905,  760
"935","1428", 2039, 2460, 2412, 2360, 2392, 2074, 1659
"936","1429", 1699, 1727, 1556, 1628, 1722, 1797, 1753
"937","1430", 2611, 2804, 2569, 2723, 2614, 2177, 1843
"938","1431", 3023, 3149, 3017, 3038, 3119, 3087, 2817
"939","1433", 3666, 3838, 3625, 3723, 3692, 3457, 3434
"940","1434", 1728, 1911, 1821, 1723, 1863, 2012, 1775
"941","1435",  469,  540,  494,  490,  504,  624,  533
"942","1436", 1123, 1164, 1161, 1151, 1248, 1225, 1099
"943","1437", 1207, 1329, 1200, 1222, 1290, 1293, 1172
"944","1438", 3346, 3438, 3349, 3290, 3332, 3007, 2700
"945","1440", 1937, 2190, 2062, 2028, 2074, 1894, 1661
"946","1441", 1910, 2222, 2089, 1943, 2186, 1599, 1345
"947","1442", 1875, 1990, 1908, 1846, 1923, 1800, 1628
"948","1443",  871,  969,  944,  876,  894,  815,  725
"949","1444", 1349, 1470, 1426, 1398, 1463, 1450, 1199
"950","1445",  374,  414,  403,  391,  467,  467,  427
"951","1446", 2499, 2733, 2641, 2614, 2585, 2118, 1805
"952","1447", 3066, 3574, 3248, 3160, 3210, 2856, 2724
"953","1448", 3711, 3787, 3597, 3658, 3915, 4333, 3508
"954","1449", 3405, 3549, 3266, 3300, 3380, 3172, 2764
"955","1450", 1488, 1582, 1525, 1467, 1576, 1322, 1407
"956","1451", 3154, 3325, 3119, 2963, 3146, 3406, 3303
"957","1452", 2333, 2490, 2402, 2286, 2252, 2518, 2538
"958","1453",  326,  377,  382,  334,  401,  409,  306
"959","1454", 1625, 1796, 1664, 1631, 1712, 1578, 1501
"960","1455", 2395, 2497, 2350, 2344, 2497, 2246, 2173
"961","1456", 1349, 1399, 1347, 1282, 1341, 1229, 1090
"962","1457", 1053, 1138, 1090, 1127, 1150, 1151, 1038
"963","1458", 1589, 1751, 1635, 1562, 1638, 1536, 1356
"964","1459",  536,  521,  520,  498,  483,  479,  394
"965","1501", 2827, 3072, 2905, 2878, 2889, 2757, 2536
"966","1503", 6118, 6314, 6229, 6295, 6496, 6828, 6305
"967","1504", 1122, 1326, 1227, 1208, 1316, 1241, 1000
"968","1506", 2137, 2376, 2228, 2259, 2229, 2214, 1767
"969","1509", 1579, 1653, 1612, 1696, 1609, 1451, 1574
"970","1510",  627,  640,  683,  650,  694,  518,  569
"971","1511",  591,  650,  593,  622,  597,  565,  455
"972","1512", 2354, 2498, 2385, 2277, 2401, 2568, 2751
"973","1513",  787,  900,  857,  828,  873,  758,  747
"974","1514", 3378, 3338, 3303, 3370, 3274, 3119, 2877
"975","1515", 1273, 1428, 1415, 1380, 1430, 1552, 1415
"976","1516", 1098, 1142, 1122, 1127, 1154, 1111, 1017
"977","1518", 1276, 1357, 1308, 1307, 1236, 1235, 1107
"978","1519", 1369, 1454, 1307, 1307, 1318, 1414, 1251
"979","1520", 1830, 1902, 1905, 1846, 1788, 2007, 2050
"980","1522",  915,  913,  834,  864,  837, 1012, 1049
"981","1525", 1190, 1301, 1206, 1236, 1169,  994,  970
"982","1526", 1134, 1210, 1185, 1201, 1086, 1214, 1069
"983","1527", 1396, 1422, 1429, 1321, 1366, 1268, 1104
"984","1528", 1056, 1250, 1162, 1228, 1201, 1085,  808
"985","1529", 2546, 2715, 2593, 2597, 2663, 2356, 2051
"986","1530", 2218, 2375, 2270, 2358, 2344, 2319, 2193
"987","1531", 3938, 4391, 4110, 4137, 4187, 4442, 4174
"988","1532", 1069, 1124, 1107, 1139, 1169, 1152, 1191
"989","1533", 2215, 2490, 2301, 2248, 2389, 2257, 2092
"990","1534", 1401, 1370, 1423, 1128, 1304, 2157, 2360
"991","1535", 3929, 4322, 4192, 4031, 4214, 4192, 3980
"992","1536", 1631, 1748, 1879, 1746, 1675, 1734, 1592
"993","1537",  758,  782,  767,  715,  787, 1031, 1003
"994","1538",  963, 1073,  942,  955,  971,  940,  833
"995","1539", 2145, 2397, 2099, 2164, 2071, 2090, 2162
"996","1540", 1436, 1476, 1350, 1365, 1384, 1362, 1243
"997","1541",  622,  659,  621,  557,  640,  599,  504
"998","1542",  727,  803,  763,  782,  794,  743,  609
"999","1543", 1109, 1224, 1088, 1114, 1084, 1108, 1051
"1000","1545",  558,  701,  669,  659,  662,  651,  553
"1001","1546",  796,  792,  825,  798,  818,  734,  636
"1002","1547",  338,  379,  343,  395,  387,  413,  345
"1003","1548",  514,  527,  636,  520,  631,  869, 1018
"1004","1601", 6207, 6533, 6324, 6438, 6556, 6454, 6280
"1005","1602", 2582, 2667, 2466, 2587, 2631, 2352, 2249
"1006","1603", 2682, 2752, 2695, 2532, 2622, 3029, 3180
"1007","1605", 2765, 2699, 2562, 2515, 2517, 2666, 2416
"1008","1606", 3596, 3656, 3599, 3689, 3597, 3742, 3550
"1009","1608", 7222, 7553, 7283, 7324, 7253, 7140, 6638
"1010","1610", 5672, 6137, 5710, 5721, 5575, 5478, 5326
"1011","1611", 6837, 7246, 6575, 6800, 6520, 6179, 6266
"1012","1616", 5527, 5942, 5633, 5566, 5678, 5866, 5375
"1013","1617", 2423, 2553, 2313, 2323, 2383, 2530, 2501
"1014","1619", 3232, 3497, 3473, 3424, 3426, 3552, 3151
"1015","1620", 2882, 2757, 2863, 2665, 2792, 2667, 2266
"1016","1623", 4469, 5257, 5034, 4866, 5051, 5448, 5177
"1017","1625", 6396, 7062, 6580, 6645, 6715, 6614, 6094
"1018","1627",  991, 1087, 1057, 1094, 1011, 1116, 1040
"1019","1628", 1319, 1318, 1298, 1309, 1287, 1401, 1314
"1020","1630", 1430, 1464, 1442, 1466, 1436, 1691, 1448
"1021","1634", 1925, 2134, 2093, 2072, 2208, 2240, 2218
"1022","1635",  659,  741,  736,  706,  804,  667,  619
"1023","1636", 5876, 6206, 5967, 5694, 5854, 5269, 5154
"1024","1637", 6853, 6947, 6767, 6878, 7181, 7308, 6602
"1025","1639", 1238, 1344, 1194, 1217, 1302, 1424, 1327
"1026","1640", 1943, 2051, 1927, 1826, 2011, 2351, 2111
"1027","1641", 1066, 1128, 1129, 1056, 1141, 1436, 1236
"1028","1642", 2280, 2257, 2209, 2112, 2032, 1513, 1528
"1029","1643", 2849, 2964, 2984, 3015, 3066, 2920, 2902
"1030","1646",  897,  931,  832,  953,  758,  526,  707
"1031","1650", 3135, 3591, 3523, 3473, 3578, 4126, 4117
"1032","1651", 1390, 1648, 1466, 1483, 1658, 1738, 1621
"1033","1652",  483,  512,  489,  450,  440,  451,  458
"1034","1653", 4407, 4713, 4615, 4574, 4936, 4946, 4496
"1035","1654",  910, 1039,  984,  955, 1055, 1007,  926
"1036","1655", 3656, 3717, 3571, 3552, 3528, 3570, 3366
"1037","1656", 3650, 3764, 3621, 3683, 3529, 3228, 3201
"1038","1657", 2029, 1987, 1902, 1890, 1959, 1153, 1056
"1039","1659", 1630, 1753, 1708, 1674, 1679, 1673, 1583
"1040","1660", 1024, 1104, 1058, 1074, 1036, 1101, 1016
"1041","1661", 2001, 2142, 2006, 2035, 1959, 1748, 1697
"1042","1662", 2647, 2685, 2577, 2498, 2732, 2767, 2462
"1043","1663", 5299, 5689, 5354, 5261, 5236, 4196, 4248
"1044","1664",  641,  582,  617,  592,  578,  712,  789
"1045","1665", 1620, 1976, 1871, 1857, 1873, 1847, 1510
"1046","1666", 2305, 2417, 2336, 2309, 2361, 2268, 2091
"1047","1667", 2004, 2149, 2106, 2116, 2160, 1999, 1712
"1048","1668", 4285, 4556, 4391, 4301, 4409, 4004, 4072
"1049","1669", 2768, 2999, 2812, 2848, 2813, 2656, 2498
"1050","1670", 2229, 2372, 2353, 2330, 2333, 2170, 1956
"1051","1671", 2144, 2220, 2237, 2113, 1874, 1412, 1326
"1052","1672", 1289, 1398, 1315, 1299, 1389, 1407, 1305
"1053","1673", 4541, 4780, 4791, 4733, 5114, 5168, 4650
"1054","1674", 3210, 3324, 3066, 3049, 3185, 2430, 2486
"1055","1675",  558,  518,  538,  437,  493,  354,  240
"1056","1677", 1197, 1362, 1216, 1225, 1186, 1315, 1160
"1057","1678",  992, 1067, 1104, 1043,  971,  490,  397
"1058","1679",  909, 1018,  976,  938,  732,  497,  685
"1059","1680",  286,  296,  285,  325,  260,  135,  176
"1060","1681", 2035, 2206, 2143, 2052, 2205, 2134, 1868
"1061","1682", 1703, 1730, 1694, 1639, 1797, 1639, 1349
"1062","1683", 1301, 1539, 1545, 1494, 1563, 1409, 1115
"1063","1684", 2608, 2840, 2572, 2596, 2718, 2456, 2322
"1064","1685",  973, 1046, 1025,  978, 1004,  817,  666
"1065","1686", 1905, 2148, 1769, 1896, 1927, 1872, 1657
"1066","1687",    1,    1,    9,    5,    1,    0,    0
"1067","1688", 1664, 1838, 1692, 1629, 1802, 1745, 1506
"1068","1689", 1126, 1266, 1139, 1229, 1303, 1277, 1125
"1069","1690", 1163, 1169, 1127, 1107, 1178,  940,  885
"1070","1691", 1239, 1805, 1570, 1555, 1613, 1287, 1152
"1071","1692", 1268, 1493, 1362, 1398, 1514, 1278, 1150
"1072","1693",  414,  388,  338,  337,  378,  276,  262
"1073","1702", 1796, 1908, 1798, 1729, 1759, 2066, 1817
"1074","1703", 1094, 1166, 1085, 1052, 1069, 1213, 1207
"1075","1705", 2882, 3011, 2836, 2834, 2853, 2597, 2282
"1076","1706", 2428, 2568, 2458, 2397, 2489, 2640, 2180
"1077","1707", 2531, 2664, 2694, 2571, 2479, 2940, 2705
"1078","1708", 2602, 2832, 2623, 2685, 2666, 2932, 2555
"1079","1709", 3977, 4201, 4108, 3979, 4303, 4215, 3977
"1080","1712", 2394, 2452, 2391, 2515, 2575, 2595, 2203
"1081","1713", 1754, 2051, 1866, 1914, 1977, 1881, 1758
"1082","1714",  859,  601,  746,  786,  791,  671,  604
"1083","1715", 1783, 1803, 1502, 1679, 1598, 1636, 1694
"1084","1716", 2110, 2238, 2011, 2093, 2141, 2311, 2275
"1085","1717",  537,  582,  620,  599,  577,  600,  498
"1086","1719", 1060, 1107, 1054, 1065, 1074, 1016,  973
"1087","1720", 3110, 3149, 2921, 2733, 2831, 3246, 3444
"1088","1721", 3979, 4334, 4114, 4192, 4374, 4357, 3789
"1089","1722", 1485, 1517, 1365, 1471, 1386, 1443, 1102
"1090","1723", 1488, 1815, 1652, 1644, 1722, 1927, 1763
"1091","1725",  779,  829,  794,  814,  834,  746,  663
"1092","1726", 2299, 2517, 2414, 2225, 2455, 2507, 2262
"1093","1727",  604,  620,  567,  591,  577,  573,  507
"1094","1728",  613,  659,  660,  668,  648,  589,  608
"1095","1729", 1007, 1050,  967,  971, 1049, 1167, 1051
"1096","1730",  204,  234,  227,  219,  222,  279,  243
"1097","1731",  267,  267,  248,  279,  254,  362,  331
"1098","1732",  669,  733,  703,  710,  666,  636,  560
"1099","1733", 1448, 1477, 1461, 1390, 1412, 1501, 1406
"1100","1734", 1366, 1640, 1435, 1477, 1521, 1462, 1219
"1101","1735",  593,  624,  670,  626,  610,  646,  642
"1102","1736",  840,  873,  742,  768,  772,  736,  616
"1103","1737", 1328, 1344, 1236, 1292, 1311, 1305, 1243
"1104","1738", 1348, 1573, 1386, 1414, 1458, 1538, 1313
"1105","1739",   62,   69,   77,   69,   70,   60,   59
"1106","1741", 2356, 2693, 2505, 2388, 2409, 2301, 2163
"1107","1742", 1159, 1259, 1175, 1153, 1107, 1117, 1161
"1108","1802",  361,  398,  346,  356,  325,  148,  113
"1109","1804", 2857, 2769, 2581, 2491, 2450, 1378, 1270
"1110","1805", 1743, 1745, 1657, 1672, 1664,  777,  690
"1111","1806", 1508, 1534, 1378, 1467, 1449,  476,  436
"1112","1808", 2399, 2462, 2199, 2185, 2388,  330,  195
"1113","1809", 1500, 1551, 1405, 1454, 1462,  247,  160
"1114","1812", 1343, 1355, 1292, 1314, 1332, 1031, 1076
"1115","1814", 1961, 2291, 2136, 2114, 2218, 1780, 1476
"1116","1816",  594,  617,  624,  607,  624,  588,  588
"1117","1819", 1489, 1499, 1421, 1421, 1381, 1173, 1056
"1118","1820",  566,  636,  624,  619,  587,  554,  446
"1119","1821",  999, 1046,  989,  989, 1039, 1177, 1137
"1120","1822", 1347, 1536, 1345, 1353, 1399, 1473, 1208
"1121","1823", 1121, 1192, 1198, 1192, 1150,  952,  872
"1122","1824", 2646, 2878, 2761, 2685, 2726, 2950, 2786
"1123","1825",  857,  846,  831,  812,  855,  761,  744
"1124","1826", 1072, 1304, 1153, 1135, 1111, 1006,  956
"1125","1827", 4321, 4323, 3868, 3781, 3911, 4334, 4501
"1126","1828", 1292, 1326, 1339, 1349, 1260, 1166, 1046
"1127","1829", 1920, 2123, 2093, 1999, 2105, 2165, 1801
"1128","1830", 2640, 2672, 2557, 2573, 2572, 1977, 1611
"1129","1831", 1149, 1257, 1171, 1200, 1214,  963,  892
"1130","1833", 2486, 2813, 2585, 2611, 2585, 1375, 1219
"1131","1834", 4229, 4413, 4040, 4145, 4228, 1653, 1546
"1132","1835", 1986, 1896, 1871, 1844, 1862,  692,  685
"1133","1836",  409,  499,  450,  487,  486,  445,  369
"1134","1839", 2562, 2601, 2423, 2420, 2564,  932,  885
"1135","1840", 1199, 1239, 1080, 1123, 1140,  452,  453
"1136","1841", 1951, 2066, 2071, 1972, 1965, 1404, 1201
"1137","1842",  686,  799,  725,  735,  716,  635,  577
"1138","1843",  919, 1117, 1000, 1101, 1067,  969,  840
"1139","1845", 1114, 1228, 1139, 1128, 1080,  837,  784
"1140","1846", 1503, 1801, 1585, 1591, 1724, 1368, 1259
"1141","1847",  470,  509,  437,  460,  444,  392,  404
"1142","1848", 1523, 1697, 1525, 1646, 1557,  556,  405
"1143","1849",  693,  734,  676,  707,  653,  361,  397
"1144","1850", 1178, 1303, 1242, 1213, 1240,  706,  551
"1145","1851", 3669, 3787, 3569, 3553, 3667, 1737, 1412
"1146","1852",  388,  457,  382,  442,  431,  342,  318
"1147","1853",  359,  437,  370,  365,  369,  308,  248
"1148","1854",  739,  830,  679,  744,  653,  486,  469
"1149","1855",   87,  115,  106,  106,  118,  121,  128
"1150","1856",  835,  921,  860,  817,  814,  788,  678
"1151","1857",  442,  461,  410,  411,  417,  335,  309
"1152","1858",  359,  392,  353,  380,  377,  481,  412
"1153","1859",  616,  752,  573,  584,  587,   97,   91
"1154","1901", 2660, 3035, 2718, 2787, 2898, 2504, 2472
"1155","1904", 4468, 4631, 4302, 4446, 4265, 4088, 3565
"1156","1906",12728,13370,13013,12726,13672,14624,13414
"1157","1907", 1669, 1893, 1894, 1902, 2025, 1609, 1441
"1158","1908", 4116, 4364, 4254, 4098, 4334, 4088, 3790
"1159","1910",  725,  747,  799,  731,  734,  628,  561
"1160","1911",10570,11346,10381,10662,10768, 8155, 7682
"1161","1912", 3151, 3277, 3017, 3096, 3181, 2570, 2409
"1162","1913", 1592, 1764, 1635, 1581, 1723, 1759, 1628
"1163","1914", 3645, 3920, 3643, 3529, 3770, 3195, 3006
"1164","1916", 1114, 1123, 1010, 1074, 1050, 1005,  843
"1165","1920", 2790, 3000, 2841, 2905, 2717, 2955, 2989
"1166","1924", 1686, 1646, 1655, 1711, 1632, 1311, 1135
"1167","1925", 6885, 7247, 6780, 6658, 7040, 6307, 6053
"1168","1928", 3127, 3396, 3051, 2914, 3178, 2975, 2769
"1169","1929", 2214, 2216, 1650, 2126, 1982, 2170, 1924
"1170","1930", 1075, 1206, 1109, 1107, 1125, 1094, 1022
"1171","1931", 2573, 2774, 2584, 2650, 2681, 2262, 2034
"1172","1933", 2126, 2344, 2193, 2135, 2330, 2109, 1982
"1173","1936", 1017, 1079, 1103, 1001, 1097, 1142, 1149
"1174","1937", 1448, 1517, 1431, 1381, 1495, 1520, 1480
"1175","1940",  372,  352,  340,  374,  349,  468,  399
"1176","1941", 1349, 1369, 1329, 1350, 1424, 1320, 1305
"1177","1943",  687,  726,  723,  728,  744,  829,  657
"1178","1946", 3397, 3501, 3543, 3343, 3657, 2871, 2680
"1179","1951", 1033, 1010,  965,  954,  986, 1087,  996
"1180","1952", 1781, 1864, 1710, 1677, 1828, 1705, 1695
"1181","1953", 1427, 1517, 1429, 1494, 1408, 1408, 1325
"1182","1955", 5052, 5019, 4786, 4888, 4993, 4188, 3814
"1183","1956", 1639, 1835, 1668, 1629, 1801, 1537, 1438
"1184","1957", 1927, 2119, 2076, 2016, 2102, 1868, 1665
"1185","1958", 1997, 2049, 1996, 1958, 2051, 1786, 1690
"1186","1959", 1661, 1799, 1644, 1711, 1723, 1539, 1424
"1187","1960", 2987, 3252, 3045, 3042, 3022, 3123, 3237
"1188","1961", 6315, 6410, 6309, 6183, 6837, 7335, 6526
"1189","1962", 2551, 2737, 2441, 2559, 2686, 1106,  886
"1190","1963",  226,  235,  243,  227,  257,  178,  144
"1191","1964", 1559, 1612, 1537, 1511, 1535, 1425, 1344
"1192","1965", 1290, 1365, 1317, 1253, 1388, 1332, 1289
"1193","1966", 1689, 1930, 1766, 1765, 1797, 1660, 1495
"1194","1967",  502,  537,  494,  508,  525,  393,  313
"1195","1968",  711,  705,  722,  719,  696,  703,  612
"1196","1969",  365,  327,  329,  329,  312,  345,  314
"1197","1971",  453,  518,  466,  455,  441,  391,  367
"1198","1973",  498,  523,  523,  472,  488,  527,  518
"1199","1974", 1986, 2070, 1963, 2034, 1973, 1782, 1720
"1200","1975", 2285, 2492, 2219, 2319, 2388, 2116, 2014
"1201","1976", 1023, 1065, 1030, 1016, 1101,  772,  736
"1202","1977", 1413, 1375, 1374, 1362, 1405, 1137, 1058
"1203","1979",  563,  559,  480,  424,  552,  364,  380
"1204","1981", 1093, 1296, 1141, 1126, 1166,  978,  765
"1205","1983", 2176, 2279, 2276, 2160, 2235, 2474, 2374
"1206","1984", 1979, 2020, 1955, 1994, 2015, 1564, 1492
"1207","1985", 6481, 6383, 5242, 6171, 6007, 5615, 5500
"1208","1986", 4159, 4502, 4032, 4074, 4061, 2064, 1768
"1209","1987", 1097, 1224, 1127, 1124, 1149, 1290, 1312
"1210","1988", 1874, 2037, 1946, 1949, 1987, 2007, 1684
"1211","1991", 1206, 1321, 1258, 1209, 1199, 1286, 1156
"1212","1992",  167,  226,  179,  169,  173,  207,  152
"1213","1993",  392,  433,  364,  393,  363,  346,  270
"1214","1994",  827,  890,  859,  799,  797,  854,  810
"1215","1996", 1602, 1670, 1564, 1460, 1457, 1576, 1764
"1216","1998",  963,  983,  961,  905, 1007, 1163, 1128
"1217","1999",  297,  340,  298,  283,  282,  327,  279
"1218","2000", 1499, 1483, 1313, 1358, 1318, 1514, 1602
"1219","2002", 8472, 8775, 8386, 8222, 9422,11531,10762
"1220","2003", 4040, 4253, 3928, 3700, 4321, 5043, 4675
"1221","2007", 4238, 4425, 4136, 4227, 4285, 3895, 3012
"1222","2008", 1333, 1451, 1378, 1316, 1372, 1463, 1372
"1223","2009", 2338, 2701, 2315, 2508, 2560, 2278, 2207
"1224","2012", 2000, 2060, 2052, 1992, 1943, 1987, 1827
"1225","2013", 6394, 6687, 6250, 6257, 6189, 6160, 5612
"1226","2015", 4574, 5000, 4888, 4691, 4955, 4957, 4400
"1227","2016", 3635, 3811, 3722, 3659, 3740, 3699, 3376
"1228","2020", 1949, 2062, 1871, 1863, 1930, 1918, 1539
"1229","2024", 3215, 3508, 3298, 3434, 3338, 3405, 3305
"1230","2025", 7255, 7181, 6811, 6700, 6999, 7993, 7315
"1231","2026", 1409, 1593, 1499, 1472, 1603, 1402, 1190
"1232","2027", 2504, 2435, 2297, 2255, 2430, 2342, 2204
"1233","2028", 1263, 1340, 1237, 1285, 1322, 1526, 1297
"1234","2032", 3135, 3405, 3346, 3363, 3608, 4179, 3626
"1235","2033", 2111, 2190, 2061, 2026, 2035, 2385, 2121
"1236","2034", 2562, 2708, 2597, 2555, 2680, 3014, 2735
"1237","2036", 1051, 1187, 1148, 1127, 1265, 1444, 1287
"1238","2037", 1595, 1683, 1584, 1394, 1818, 2568, 2289
"1239","2038",  476,  540,  522,  555,  573,  696,  682
"1240","2040",  498,  554,  603,  577,  568,  639,  656
"1241","2041",  860,  994,  863,  832,  890,  851,  646
"1242","2048", 1656, 2382, 2165, 2076, 2300, 2057, 1659
"1243","2050", 7419, 7844, 7329, 7346, 7794, 7659, 6747
"1244","2054", 2669, 2754, 2638, 2673, 2723, 2845, 2693
"1245","2056", 4089, 3916, 3851, 3556, 3819, 3150, 2750
"1246","2057", 1221, 1329, 1290, 1386, 1330, 1376, 1188
"1247","2058", 4624, 4625, 4381, 4216, 4444, 5182, 5050
"1248","2059", 2944, 3011, 2769, 2729, 2726, 2888, 2857
"1249","2060", 1589, 1795, 1579, 1621, 1810, 1971, 1733
"1250","2061",  313,  301,  252,  242,  260,  282,  308
"1251","2062",  681,  671,  683,  689,  730,  745,  605
"1252","2063", 3194, 3436, 3234, 3220, 3258, 2883, 2415
"1253","2064",  443,  600,  496,  507,  501,  500,  459
"1254","2065", 2299, 2380, 2208, 2176, 2204, 1912, 1419
"1255","2066", 2543, 2462, 2431, 2209, 2360, 1933, 1929
"1256","2067", 1613, 1686, 1594, 1537, 1561, 1223, 1273
"1257","2068",  261,  253,  277,  261,  226,  213,  198
"1258","2069", 1231, 1208, 1126, 1015, 1041, 1037, 1142
"1259","2070", 2063, 2101, 1901, 1891, 2097, 2453, 2186
"1260","2071",  382,  420,  387,  421,  423,  359,  388
"1261","2102",16568,16770,16435,15756,16068,19432,19027
"1262","2103", 3611, 4039, 3742, 3811, 3847, 3826, 3536
"1263","2104", 2332, 2510, 2361, 2434, 2509, 2889, 2671
"1264","2105", 1870, 2144, 1970, 1932, 1927, 1827, 1567
"1265","2106", 3264, 3358, 3257, 3209, 3421, 3453, 2921
"1266","2107", 6976, 7588, 7455, 7182, 7515, 8024, 6794
"1267","2108", 3209, 3311, 3283, 3041, 3313, 3790, 3536
"1268","2109", 3999, 4204, 4107, 3769, 4181, 4417, 4043
"1269","2110", 2112, 2098, 2126, 1955, 2003, 1788, 1521
"1270","2111", 2516, 2580, 2477, 2421, 2570, 2859, 2886
"1271","2112", 2275, 2442, 2408, 2328, 2417, 2778, 2629
"1272","2113", 3643, 3778, 3709, 3378, 3472, 3736, 3685
"1273","2114",  176,  196,  193,  211,  235,  204,  202
"1274","2115", 2560, 2768, 2536, 2632, 2553, 2178, 2059
"1275","2116", 1889, 1984, 1897, 1847, 1927, 2111, 2020
"1276","2119", 2500, 2720, 2545, 2592, 2502, 2592, 2291
"1277","2122", 2888, 3193, 2944, 2953, 3120, 3502, 3294
"1278","2127",  970, 1174, 1082, 1105, 1157, 1188, 1065
"1279","2128", 1365, 1334, 1280, 1253, 1292, 1444, 1513
"1280","2129", 1816, 1745, 1759, 1734, 1726, 1776, 1818
"1281","2130", 1005, 1060, 1085, 1018, 1086, 1561, 1572
"1282","2135", 3547, 3822, 3701, 3732, 3821, 3861, 3526
"1283","2136", 4223, 4327, 4426, 4181, 4345, 5086, 4666
"1284","2137", 1534, 1653, 1541, 1577, 1553, 1655, 1528
"1285","2139", 5869, 6224, 6037, 5918, 6119, 5852, 5330
"1286","2140", 4124, 4718, 4488, 4309, 4388, 4615, 4311
"1287","2141", 3324, 3680, 3518, 3461, 3545, 3915, 3354
"1288","2143", 1782, 1747, 1740, 1690, 1619, 1745, 1609
"1289","2144", 1378, 1597, 1486, 1446, 1493, 1420, 1270
"1290","2145", 1833, 2060, 1920, 2003, 1996, 2028, 1832
"1291","2148", 2140, 2252, 2131, 2148, 2189, 2196, 2033
"1292","2153", 1386, 1481, 1435, 1396, 1455, 1396, 1373
"1293","2156", 1922, 2068, 1946, 1867, 1896, 1831, 1518
"1294","2157", 2805, 3015, 2935, 2757, 2839, 2869, 2827
"1295","2159", 1148, 1289, 1082, 1129, 1107, 1101, 1046
"1296","2160", 1275, 1401, 1261, 1350, 1226, 1067, 1085
"1297","2164", 1763, 1850, 1708, 1735, 1702, 1895, 1735
"1298","2165",  868,  843,  792,  760,  814,  903,  898
"1299","2167", 1115, 1311, 1121, 1262, 1181, 1398, 1333
"1300","2169", 2323, 2505, 2437, 2465, 2451, 2541, 2275
"1301","2170", 1310, 1435, 1353, 1356, 1400, 1354, 1173
"1302","2171", 2766, 2682, 2757, 2586, 2672, 3140, 3092
"1303","2172", 1517, 1395, 1634, 1495, 1437, 1594, 1593
"1304","2173", 6822, 7239, 6966, 6742, 6896, 6840, 6585
"1305","2174", 1576, 1657, 1654, 1585, 1728, 1709, 1559
"1306","2175", 1029, 1118, 1156,  984, 1136, 1289, 1329
"1307","2176", 3528, 3694, 3596, 3529, 3520, 3935, 3846
"1308","2177", 6333, 6367, 6319, 6004, 6214, 6003, 6022
"1309","2178", 1351, 1211, 1229, 1126, 1171, 1276, 1164
"1310","2179", 1359, 1475, 1310, 1274, 1249, 1523, 1387
"1311","2180", 1383, 1342, 1378, 1366, 1279, 1466, 1454
"1312","2183", 6206, 6452, 5988, 5836, 5878, 6394, 5741
"1313","2184",  457,  465,  390,  465,  465,  458,  476
"1314","2185",  139,  175,  168,  177,  183,  137,  174
"1315","2201",  391,  546,  543,  476,  518,  605,  567
"1316","2202", 3834, 4102, 3964, 3923, 4357, 3171, 2796
"1317","2203",  548,  618,  551,  503,  533,  644,  665
"1318","2205", 1777, 2158, 2040, 1956, 2012, 2067, 1673
"1319","2206", 2693, 3161, 3059, 2908, 3190, 2796, 2184
"1320","2207",  453,  439,  451,  409,  462,  338,  299
"1321","2210", 1281, 1235, 1166, 1004, 1164, 1075,  953
"1322","2211", 2104, 2396, 2288, 2167, 2335, 2223, 2163
"1323","2212", 1297, 1359, 1316, 1299, 1356, 1405, 1311
"1324","2213", 3419, 3638, 3352, 3243, 3618, 3305, 2983
"1325","2214", 3066, 2954, 3201, 2889, 3573, 5281, 4828
"1326","2215", 1948, 1996, 1867, 1858, 1976, 2637, 2399
"1327","2217", 4010, 4090, 4223, 3707, 4606, 6788, 6043
"1328","2219",14189,14301,13941,12742,16562,23376,20640
"1329","2220", 5226, 5405, 5144, 4937, 5178, 6699, 6238
"1330","2221", 2656, 2848, 2659, 2702, 2681, 2598, 2522
"1331","2222", 4000, 4386, 4107, 4004, 4383, 4365, 3728
"1332","2223",  999, 1070, 1052,  881, 1093, 1050,  836
"1333","2224",  435,  482,  489,  544,  560,  508,  456
"1334","2225",  765,  829,  817,  772,  795,  460,  429
"1335","2226",  863,  929,  834,  765,  831,  484,  562
"1336","2227", 2740, 2937, 2731, 2791, 2905, 2595, 2394
"1337","2228", 3377, 3614, 3510, 3423, 3668, 3897, 3396
"1338","2229",  772,  888,  890,  856,  960, 1036, 1008
"1339","2230", 5058, 5238, 4941, 4806, 5086, 5375, 4952
"1340","2231", 6046, 6307, 5820, 5650, 6060, 4615, 4225
"1341","2233", 1820, 1849, 1694, 1640, 1644, 1480, 1387
"1342","2235", 1790, 2010, 1844, 1772, 1827, 1312, 1294
"1343","2237", 2932, 3063, 2885, 2829, 2950, 2418, 2228
"1344","2239", 2178, 2319, 2133, 2049, 2167, 1772, 1585
"1345","2241", 1652, 1745, 1543, 1536, 1571, 1274, 1256
"1346","2242", 3925, 4083, 3748, 3581, 4130, 2610, 2108
"1347","2243", 2850, 2959, 2876, 2699, 2857, 1966, 1591
"1348","2244", 3815, 4215, 3964, 3796, 3939, 3335, 3563
"1349","2245", 1561, 1723, 1611, 1504, 1597, 1385, 1220
"1350","2246", 1798, 1931, 1801, 1789, 1818, 1025,  959
"1351","2247", 3465, 3849, 3471, 3475, 3795, 2949, 2645
"1352","2248", 1476, 1838, 1653, 1650, 1773, 1352,  916
"1353","2249",  981, 1005,  879,  825,  898,  573,  561
"1354","2250", 1649, 1706, 1631, 1619, 1557, 1363, 1443
"1355","2251", 2020, 2257, 2056, 2001, 2165, 1578, 1364
"1356","2252", 4519, 4526, 4128, 4202, 4493, 3023, 2075
"1357","2255", 6231, 6685, 6130, 5985, 6504, 4945, 4473
"1358","2256", 1387, 1418, 1377, 1286, 1470,  941,  760
"1359","2257",  488,  579,  485,  480,  557,  379,  445
"1360","2258", 1134, 1177, 1071,  980,  910,  869,  915
"1361","2259", 2813, 2916, 2753, 2555, 2695, 3013, 2763
"1362","2262", 5768, 5973, 5814, 5358, 6491, 9921, 9449
"1363","2263", 2689, 2943, 2703, 2534, 2869, 1729, 1535
"1364","2264", 4104, 4137, 4039, 3994, 4224, 4564, 4336
"1365","2265", 3622, 3557, 3405, 3181, 3680, 3642, 3429
"1366","2266", 2018, 2191, 2085, 2014, 2107, 1807, 1840
"1367","2268", 1909, 2074, 2004, 1885, 2057, 1773, 1542
"1368","2269", 1052, 1096,  967,  972,  944,  791,  881
"1369","2270",  610,  629,  631,  550,  524,  689,  655
"1370","2271", 1337, 1307, 1261, 1202, 1333, 1285, 1098
"1371","2272",  900,  917,  819,  881,  892,  690,  666
"1372","2273", 1905, 2120, 2020, 1822, 2050, 1332, 1728
"1373","2274", 3189, 3515, 3255, 3182, 3140, 2356, 2195
"1374","2275",  167,  194,  160,  174,  188,  170,   95
"1375","2276", 2112, 2258, 1906, 1837, 1977, 1813, 1925
"1376","2277", 2045, 2215, 2108, 1962, 2053, 1898, 1834
"1377","2279", 2976, 3128, 2854, 2710, 2935, 2595, 2172
"1378","2280", 1086, 1227, 1180, 1058,  998,  906,  855
"1379","2281",  921, 1043, 1099, 1001,  998,  750,  641
"1380","2282",  806,  852,  816,  701,  695,  492,  504
"1381","2283",  631,  733,  815,  719,  801,  622,  567
"1382","2284",  888,  881,  845,  852,  789,  441,  431
"1383","2285", 1234, 1279, 1273, 1268, 1269, 1035,  966
"1384","2286",  163,  191,  146,  140,  163,   96,   86
"1385","2287",  111,  123,  103,   91,  108,   59,   42
"1386","2288",  121,  135,  148,  117,  119,  130,   91
"1387","2289",  425,  431,  494,  442,  460,  347,  238
"1388","2290", 1766, 1944, 1871, 1835, 1984, 2005, 1798
"1389","2292", 1268, 1228, 1145, 1154, 1226,  879,  852
"1390","2293", 1667, 1768, 1670, 1607, 1720, 1468, 1397
"1391","2294", 1900, 2139, 1969, 1954, 2001, 1620, 1545
"1392","2297", 1437, 1495, 1402, 1417, 1451, 1054, 1032
"1393","2298", 1262, 1346, 1295, 1188, 1270, 1084, 1112
"1394","2299", 1377, 1460, 1338, 1213, 1270,  835,  746
"1395","2301", 6430, 6289, 6195, 5781, 6156, 9056, 8546
"1396","2302", 4640, 5124, 4772, 4813, 4908, 4648, 4187
"1397","2303", 3317, 3143, 3089, 3134, 3065, 2533, 2423
"1398","2304", 1302, 1419, 1421, 1290, 1372,  975,  818
"1399","2305", 1422, 1621, 1449, 1462, 1479,  796,  620
"1400","2306", 4584, 5043, 4625, 4505, 4693, 3391, 2957
"1401","2307", 3389, 3670, 3559, 3401, 3599, 4472, 4050
"1402","2308", 2461, 2708, 2811, 2606, 2740, 2596, 2349
"1403","2309", 1691, 1880, 1684, 1592, 1598, 1269, 1083
"1404","2310", 1715, 1954, 1897, 1683, 1762, 1735, 1606
"1405","2311", 1233, 1249, 1095, 1090, 1116,  941,  937
"1406","2312", 1474, 1358, 1270, 1263, 1447, 1251, 1133
"1407","2313", 2903, 3136, 2881, 2817, 3001, 2663, 2374
"1408","2314", 2124, 2166, 1927, 1793, 1852, 2184, 2392
"1409","2315", 4303, 4126, 3859, 3981, 4059, 3139, 2977
"1410","2316", 3899, 3940, 3643, 3562, 3859, 2728, 2307
"1411","2317", 2499, 2508, 2344, 2205, 2306, 2134, 1961
"1412","2318", 2392, 2383, 2228, 2168, 2170, 1835, 1844
"1413","2319", 1916, 2291, 2058, 2146, 2265, 1130,  867
"1414","2320", 2599, 2712, 2484, 2477, 2516, 2733, 2726
"1415","2321", 2030, 2412, 2266, 2271, 2269, 2747, 2716
"1416","2322", 2318, 2546, 2383, 2255, 2345, 1681, 1654
"1417","2323", 1103, 1143, 1090, 1110, 1110,  869,  810
"1418","2324", 2604, 2624, 2643, 2464, 2709, 2719, 2638
"1419","2325", 2784, 3065, 2782, 2718, 2909, 2868, 2955
"1420","2326", 1250, 1312, 1220, 1156, 1219, 1179, 1090
"1421","2327", 4219, 4527, 4018, 4039, 4248, 2519, 2240
"1422","2328", 2183, 2254, 2246, 2234, 2197, 1334, 1356
"1423","2329", 1372, 1418, 1363, 1333, 1307,  719,  719
"1424","2330", 2055, 2282, 2145, 2186, 2061, 1482, 1480
"1425","2331", 2295, 2140, 1970, 1874, 2068, 1304, 1375
"1426","2332", 3382, 3791, 3448, 3439, 3507, 2640, 2160
"1427","2333", 3283, 3266, 2985, 2975, 2764, 2039, 1999
"1428","2334", 1072, 1075, 1010,  988,  986,  732,  623
"1429","2335", 3190, 3370, 3200, 3025, 3240, 2770, 2663
"1430","2336", 1236, 1285, 1213, 1169, 1257, 1112,  995
"1431","2337", 1512, 1637, 1524, 1475, 1572, 1958, 1851
"1432","2339", 1279, 1455, 1332, 1318, 1407, 1559, 1530
"1433","2340", 4165, 4439, 4339, 4121, 4362, 3629, 3552
"1434","2341", 1031, 1042,  978,  939,  995, 1093, 1119
"1435","2342", 3487, 3717, 3537, 3405, 3527, 3698, 3557
"1436","2343",  354,  376,  326,  322,  332,  367,  318
"1437","2344", 1147, 1312, 1266, 1234, 1198, 1306, 1314
"1438","2347", 1509, 1507, 1317, 1388, 1467,  814,  602
"1439","2348", 4821, 5445, 4906, 4953, 4833, 2050, 1707
"1440","2349", 2256, 2157, 2106, 2019, 1933, 1394, 1458
"1441","2350",  984, 1118, 1038, 1063,  964, 1006,  949
"1442","2351",  645,  601,  534,  528,  603,  647,  642
"1443","2352", 1233, 1218, 1212, 1124, 1123,  616,  461
"1444","2353", 2508, 2280, 2301, 2284, 2223, 1773, 1672
"1445","2354",  849,  898,  799,  843,  873,  754,  615
"1446","2355", 4307, 4589, 4214, 4265, 4658, 3745, 4019
"1447","2356", 1743, 1769, 1686, 1594, 1689, 1320, 1174
"1448","2357", 1722, 1622, 1562, 1559, 1452, 1162, 1125
"1449","2358", 1055, 1276, 1182, 1190, 1295, 1213, 1058
"1450","2359", 1596, 1669, 1444, 1566, 1543, 1349, 1259
"1451","2360", 2411, 2422, 2146, 2106, 2130, 1613, 1379
"1452","2361", 1930, 2101, 2068, 1921, 2098, 2352, 2094
"1453","2362", 2316, 2292, 2336, 2095, 2400, 2653, 2651
"1454","2363", 1093, 1202, 1189, 1135, 1237,  945,  806
"1455","2364", 1353, 1482, 1355, 1376, 1308,  984,  814
"1456","2365", 2078, 2321, 2245, 2069, 2282, 2137, 1872
"1457","2368",  945, 1051,  967,  896,  951,  773,  752
"1458","2369", 2512, 2649, 2432, 2223, 2363, 1703, 1652
"1459","2370", 2210, 2334, 2125, 2103, 2410, 2231, 2109
"1460","2371", 1089, 1244, 1103, 1101, 1071,  820,  736
"1461","2372", 2405, 2643, 2483, 2316, 2564, 2779, 2683
"1462","2373", 1904, 2047, 1857, 1917, 1953, 2248, 2210
"1463","2375", 1256, 1242, 1187, 1103, 1143, 1099, 1065
"1464","2376",  714,  698,  612,  595,  605,  563,  623
"1465","2377", 4130, 4291, 3955, 4009, 4340, 3338, 3060
"1466","2380", 1880, 1821, 1729, 1769, 1731, 1308, 1241
"1467","2381", 1257, 1241, 1123, 1209, 1175, 1017,  935
"1468","2382",  776,  759,  700,  724,  798,  660,  623
"1469","2383",  411,  444,  373,  411,  423,  471,  452
"1470","2384", 3012, 3217, 3159, 3041, 3102, 3098, 2652
"1471","2385", 2182, 2304, 2024, 2017, 2021, 1528, 1451
"1472","2386",  344,  300,  330,  282,  282,  217,  211
"1473","2387", 1857, 2029, 1998, 1879, 1940, 2027, 1833
"1474","2388",  965, 1023,  918,  814,  835,  597,  526
"1475","2389",  348,  394,  395,  305,  390,  383,  411
"1476","2390",  334,  368,  362,  358,  391,  427,  364
"1477","2391",   71,   79,   83,   84,   99,  103,   81
"1478","2392",  228,  226,  234,  216,  186,  185,  209
"1479","2393",  105,  115,  101,  125,  127,   91,   88
"1480","2394",   15,   10,   15,   10,    9,   21,   11
"1481","2395",  118,  144,  130,  135,  149,  149,  125
"1482","2396", 1072, 1087,  920,  941,  959,  899, 1043
"1483","2398", 1012, 1046, 1025, 1009, 1046,  779,  695
"1484","2401",  392,  404,  424,  330,  352,  341,  464
"1485","2403",  148,  172,  165,  154,  158,  247,  238
"1486","2404",  855,  897,  813,  869,  883,  777,  874
"1487","2405", 1496, 1531, 1533, 1405, 1285, 1041,  822
"1488","2406",  569,  527,  550,  501,  516,  490,  463
"1489","2407", 2502, 2638, 2411, 2503, 2546, 2243, 2057
"1490","2408",  827,  897,  837,  745,  892,  911,  894
"1491","2409", 1303, 1367, 1174, 1181, 1229,  854,  806
"1492","2410", 1039, 1173, 1129, 1063, 1098,  646,  551
"1493","2411",  681,  782,  715,  648,  681,  800,  950
"1494","2412", 1483, 1587, 1477, 1417, 1552, 1329, 1221
"1495","2501", 1002, 1204, 1109,  993, 1109, 1265, 1178
"1496","2502",  822,  879,  852,  813,  847,  647,  723
"1497","2503", 1253, 1373, 1305, 1223, 1177, 1025,  914
"1498","2504", 1090, 1237, 1063, 1033, 1127, 1193, 1123
"1499","2505", 2000, 1939, 1895, 1736, 1976, 1365, 1301
"1500","2506",  595,  638,  652,  612,  627,  549,  470
"1501","2508", 1676, 1799, 1615, 1584, 1581, 1132, 1272
"1502","2509",  902,  957,  881,  895,  879,  693,  676
"1503","2510",  332,  351,  289,  246,  312,  153,  187
"1504","2511",  989, 1033, 1012, 1013, 1028,  981, 1012
"1505","2601", 3446, 3742, 3651, 3537, 3521, 3978, 3911
"1506","2603", 1026, 1627, 1352, 1326, 1344, 1251, 1254
"1507","2604", 1482, 1612, 1560, 1533, 1632, 1595, 1399
"1508","2605",  789,  895,  804,  766,  741,  464,  578
"1509","2606",  848, 1030,  992,  951,  970,  885, 1083
"1510","2607", 1000, 1049,  870,  888,  886,  703,  814
"1511","2608", 2285, 2345, 2223, 2198, 2415, 2193, 2080
"1512","2609",  242,  184,  190,  184,  181,  154,  188
"1513","2610", 1710, 1839, 1818, 1572, 1827, 1719, 1867
"1514","2611", 1319, 1524, 1369, 1352, 1436, 1426, 1159
"1515","2612",  126,  152,  116,  122,  125,   90,  125
"1516","2613", 2907, 2823, 2883, 2601, 3288, 4790, 4971
"1517","2614", 1543, 1708, 1658, 1598, 1712, 1694, 1407
"1518","2615", 2548, 2728, 2512, 2504, 2569, 1655, 1509
"1519","2616",  472,  484,  430,  447,  503,  495,  413
"1520","2617", 1345, 1389, 1304, 1363, 1399, 1347, 1273
"1521","2618", 1688, 1877, 1739, 1791, 1824, 1801, 1640
"1522","2619", 3540, 3765, 3470, 3377, 3647, 3464, 3332
"1523","2620", 3897, 4261, 4042, 3881, 4022, 4159, 3759
"1524","2621", 3564, 3862, 3488, 3501, 3826, 4621, 5129
"1525","2622", 4560, 4574, 4267, 4283, 4737, 6266, 6442
"1526","2701", 7503, 8323, 7923, 7967, 8597, 5925, 5074
"1527","2702",  932,  987,  950, 1004, 1072,  961,  793
"1528","2801",  740,  792,  641,  714,  676,  306,  236
"1529","3100",  968, 1056,  991, 1026, 1077,  868,  853
"1530","3101", 2761, 2546, 2465, 2322, 2451, 2091, 1868
"1531","3102", 3135, 3461, 3400, 3364, 3382, 3408, 2937
"1532","3103", 1174, 1208, 1144, 1153, 1169, 1137, 1047
"1533","3104", 1183, 1258, 1195, 1125, 1216, 1043, 1034
"1534","3105",  596,  672,  627,  605,  662,  662,  548
"1535","3106", 2074, 2187, 2166, 2138, 2185, 2160, 2029
"1536","3107",  768,  892,  794,  706,  805,  755,  660
"1537","3500", 3884, 3997, 3729, 3722, 3788, 3240, 2936
"1538","3501", 5374, 5508, 5315, 5227, 5499, 4429, 4400
"1539","3502", 1848, 1910, 1876, 1793, 1793, 1534, 1498
"1540","3503",  913,  797,  895,  822,  832,  841,  924
"1541","3504", 4116, 4139, 4000, 3847, 3993, 4035, 3924
"1542","3505", 2799, 2809, 2546, 2491, 2717, 2988, 2855
"1543","3506", 2712, 2977, 2858, 2849, 2920, 2544, 2266
"1544","3507", 2637, 2568, 2470, 2396, 2227, 2235, 2301
"1545","3508", 6062, 6415, 6072, 6091, 6125, 5015, 4637
"1546","3509", 7633, 7979, 7527, 7678, 7249, 5861, 5314
"1547","3510", 1000, 1089, 1044, 1108, 1032, 1227, 1048
"1548","3511", 5038, 5297, 4894, 4743, 5208, 6171, 6309
"1549","3513", 4187, 4218, 3801, 3819, 3944, 3755, 3192
"1550","3514", 3949, 4203, 3805, 3784, 4137, 3707, 3453
"1551","3515", 4518, 4380, 4309, 3614, 4694, 9972,11038
"1552","3516", 1923, 1959, 1871, 1907, 1923, 1892, 1615
"1553","3517", 2573, 2640, 2523, 2455, 2747, 2694, 2424
"1554","3518", 6551, 6899, 6514, 6617, 6424, 5941, 5489
"1555","3519", 4593, 4834, 4533, 4436, 4300, 4248, 3995
"1556","3520", 4692, 4927, 4688, 4729, 4678, 4129, 3797
"1557","3521",  626,  711,  646,  651,  694,  689,  630
"1558","3522", 4165, 4373, 3962, 3935, 3824, 3488, 3686
"1559","3523", 3474, 3873, 3465, 3570, 3094, 1160, 1077
"1560","3524", 1568, 1562, 1544, 1524, 1242,  783,  683
"1561","3525", 1138, 1174, 1091, 1042, 1124, 1413, 1373
"1562","3527",  193,  172,  121,  165,  178,  187,  188
"1563","3528", 1694, 1208, 1623, 1577, 1667, 1549, 1579
"1564","3529", 1544, 1628, 1440, 1441, 1554, 1756, 1708
"1565","3530",  460,  532,  520,  504,  575,  540,  395
"1566","3531",  269,  259,  261,  240,  303,  306,  279
"1567","3532",  361,  411,  378,  424,  372,  251,  218
"1568","3533", 7907, 7848, 7781, 7390, 8102, 9681, 8941
"1569","3534", 4251, 4405, 4175, 4075, 4514, 4790, 4514
"1570","3535", 2022, 2237, 2111, 2195, 2123, 2053, 1838
"1571","3536", 2391, 2553, 2374, 2321, 2569, 2300, 2023
"1572","3537",  918, 1039,  941, 1019,  995, 1000,  922
"1573","3538",  961,  897,  832,  942,  870,  657,  635
"1574","3539",  136,  179,  153,  152,  170,  177,  179
"1575","3541", 4481, 4811, 4362, 4438, 4660, 4858, 4695
"1576","3542", 1986, 2294, 2180, 2072, 2236, 2182, 1824
